0,0.0,0.0,0.0,0.0,0.0,0.0,18.0,0.0,228.0,0.0,258.0,0.0,24.0,0.0,0.0,0.0
1,0.0,0.0,0.0,0.0,0.0,0.0,0.0,0.0,12.0,0.0,1.5,0.0,0.0,0.0,0.0,1.5
2,0.0,0.0,0.0,0.0,0.0,0.0,0.0,0.0,396.0,0.0,132.0,0.0,0.0,0.0,0.0,0.0
3,0.0,384.0,0.0,0.0,0.0,0.0,0.0,0.0,0.0,0.0,144.0,0.0,0.0,0.0,0.0,9.0
4,0.0,84.0,0.0,18.0,0.0,171.0,42.0,0.0,0.0,0.0,213.0,0.0,0.0,0.0,0.0,3.0
5,0.0,0.0,0.0,0.0,0.0,0.0,84.0,0.0,0.0,0.0,12.0,0.0,0.0,0.0,0.0,0.0
6,0.0,15.0,0.0,0.0,18.0,6.0,21.0,0.0,0.0,0.0,468.0,0.0,0.0,0.0,0.0,252.0
7,0.0,0.0,0.0,0.0,0.0,0.0,432.0,0.0,0.0,0.0,96.0,0.0,0.0,0.0,0.0,0.0
8,0.0,0.0,0.0,7.5,0.0,0.0,0.0,0.0,0.0,0.0,1.5,0.0,0.0,0.0,0.0,1.5
9,0.0,297.0,0.0,0.0,0.0,0.0,0.0,0.0,0.0,0.0,231.0,0.0,0.0,0.0,0.0,0.0
10,0.0,78.0,0.0,0.0,0.0,0.0,198.0,0.0,0.0,0.0,240.0,0.0,0.0,0.0,12.0,6.0
11,0.0,18.0,0.0,0.0,0.0,0.0,0.0,0.0,0.0,0.0,510.0,0.0,0.0,0.0,0.0,0.0
12,0.0,30.0,0.0,297.0,0.0,0.0,18.0,0.0,0.0,0.0,183.0,0.0,0.0,0.0,0.0,12.0
13,459.0,0.0,0.0,0.0,0.0,0.0,0.0,0.0,0.0,0.0,0.0,0.0,0.0,0.0,0.0,0.0
14,0.0,0.0,0.0,0.0,0.0,0.0,126.0,0.0,0.0,186.0,84.0,0.0,0.0,0.0,0.0,0.0
15,0.0,0.0,0.0,0.0,0.0,252.0,0.0,0.0,0.0,0.0,0.0,0.0,0.0,0.0,0.0,0.0
16,0.0,0.0,0.0,0.0,0.0,0.0,0.0,0.0,150.0,0.0,0.0,0.0,0.0,0.0,0.0,0.0
17,0.0,0.0,0.0,0.0,0.0,0.0,210.0,0.0,0.0,0.0,0.0,0.0,0.0,0.0,16.5,0.0
18,0.0,0.0,0.0,0.0,0.0,0.0,0.0,0.0,0.0,0.0,0.0,0.0,0.0,144.0,144.0,0.0
19,0.0,0.0,0.0,0.0,102.0,0.0,0.0,0.0,0.0,0.0,312.0,0.0,0.0,0.0,0.0,0.0
20,0.0,0.0,0.0,0.0,0.0,0.0,57.0,0.0,0.0,0.0,0.0,0.0,0.0,0.0,0.0,0.0
21,0.0,0.0,0.0,0.0,0.0,384.0,0.0,0.0,0.0,0.0,144.0,0.0,0.0,0.0,0.0,0.0
22,0.0,0.0,0.0,0.0,0.0,0.0,0.0,0.0,0.0,0.0,186.0,0.0,0.0,0.0,342.0,0.0
23,0.0,0.0,0.0,0.0,0.0,0.0,0.0,0.0,45.0,0.0,6.0,0.0,0.0,0.0,0.0,0.0
24,0.0,0.0,0.0,0.0,174.0,0.0,5.999999999999999,0.0,0.0,95.99999999999999,240.0,0.0,11.999999999999998,0.0,0.0,60.0
25,0.0,0.0,0.0,270.0,0.0,18.0,0.0,0.0,0.0,0.0,0.0,0.0,0.0,0.0,0.0,0.0
26,0.0,0.0,0.0,0.0,0.0,0.0,0.0,0.0,414.0,0.0,114.0,0.0,0.0,0.0,0.0,0.0
27,0.0,0.0,0.0,0.0,0.0,0.0,0.0,0.0,6.0,0.0,522.0,0.0,0.0,0.0,0.0,0.0
28,0.0,0.0,0.0,0.0,432.0,0.0,0.0,0.0,0.0,0.0,96.0,0.0,0.0,0.0,0.0,0.0
29,0.0,0.0,0.0,0.0,0.0,0.0,165.0,0.0,0.0,0.0,162.0,0.0,0.0,0.0,0.0,0.0
30,0.0,33.0,0.0,0.0,0.0,0.0,9.0,27.0,0.0,103.5,346.5,0.0,9.0,0.0,0.0,27.0
31,0.0,0.0,0.0,0.0,0.0,0.0,336.0,0.0,0.0,0.0,192.0,0.0,0.0,0.0,0.0,0.0
32,0.0,390.0,0.0,0.0,0.0,0.0,0.0,0.0,0.0,0.0,42.0,0.0,0.0,0.0,0.0,0.0
33,0.0,0.0,0.0,0.0,384.0,0.0,0.0,0.0,0.0,0.0,144.0,0.0,0.0,0.0,0.0,0.0
34,0.0,0.0,0.0,0.0,0.0,0.0,474.0,0.0,0.0,0.0,6.0,0.0,0.0,0.0,0.0,0.0
35,0.0,0.0,0.0,0.0,6.0,0.0,0.0,0.0,84.0,0.0,384.0,0.0,54.0,0.0,0.0,117.00000000000001
36,0.0,0.0,0.0,0.0,0.0,0.0,30.000000000000004,0.0,0.0,288.0,0.0,0.0,0.0,0.0,0.0,0.0
37,0.0,0.0,0.0,0.0,0.0,0.0,0.0,0.0,0.0,0.0,0.0,0.0,0.0,0.0,12.0,0.0
38,0.0,0.0,0.0,0.0,0.0,0.0,21.0,0.0,0.0,0.0,0.0,0.0,0.0,0.0,0.0,0.0
39,0.0,0.0,0.0,0.0,0.0,0.0,0.0,0.0,0.0,0.0,126.0,0.0,0.0,0.0,0.0,0.0
40,0.0,0.0,0.0,0.0,0.0,0.0,0.0,0.0,0.0,0.0,0.0,0.0,0.0,0.0,12.0,0.0
41,0.0,0.0,0.0,0.0,0.0,0.0,0.0,0.0,0.0,321.0,177.0,0.0,30.0,0.0,0.0,0.0
42,0.0,0.0,0.0,0.0,0.0,0.0,0.0,0.0,0.0,107.99999999999999,420.0,0.0,0.0,0.0,0.0,37.50000000000001
43,0.0,0.0,0.0,0.0,0.0,0.0,0.0,0.0,498.0,0.0,0.0,0.0,0.0,0.0,0.0,0.0
44,0.0,0.0,0.0,0.0,0.0,0.0,6.0,0.0,0.0,0.0,522.0,0.0,0.0,0.0,0.0,474.0
45,0.0,466.5,0.0,0.0,0.0,0.0,0.0,0.0,0.0,0.0,61.5,0.0,0.0,0.0,0.0,0.0
46,0.0,192.0,0.0,0.0,0.0,240.0,0.0,0.0,0.0,0.0,96.0,0.0,0.0,0.0,0.0,0.0
47,0.0,0.0,0.0,0.0,0.0,0.0,0.0,0.0,0.0,0.0,6.0,0.0,426.0,0.0,0.0,0.0
48,0.0,0.0,0.0,0.0,27.0,0.0,15.0,0.0,0.0,6.0,192.0,0.0,0.0,0.0,0.0,0.0
49,0.0,0.0,0.0,0.0,0.0,0.0,0.0,0.0,448.5,0.0,102.0,0.0,0.0,0.0,0.0,0.0
50,0.0,0.0,0.0,0.0,0.0,0.0,0.0,0.0,0.0,0.0,399.0,0.0,0.0,118.5,10.5,254.99999999999997
51,0.0,21.0,0.0,0.0,0.0,0.0,6.0,0.0,0.0,0.0,522.0,0.0,0.0,0.0,0.0,522.0
52,0.0,0.0,0.0,0.0,0.0,0.0,0.0,0.0,0.0,0.0,0.0,0.0,0.0,0.0,120.0,0.0
53,102.0,0.0,0.0,0.0,0.0,0.0,0.0,0.0,0.0,0.0,0.0,0.0,0.0,0.0,0.0,0.0
54,0.0,432.0,0.0,0.0,0.0,0.0,0.0,0.0,0.0,0.0,96.0,0.0,0.0,0.0,0.0,0.0
55,0.0,0.0,0.0,0.0,0.0,0.0,22.5,441.0,0.0,0.0,64.5,0.0,0.0,0.0,0.0,0.0
56,0.0,0.0,0.0,0.0,0.0,0.0,216.0,0.0,0.0,0.0,312.0,0.0,0.0,0.0,0.0,120.0
57,0.0,0.0,0.0,0.0,0.0,0.0,390.0,0.0,0.0,0.0,138.0,0.0,0.0,0.0,0.0,0.0
58,384.0,0.0,0.0,0.0,0.0,0.0,0.0,0.0,0.0,0.0,144.0,0.0,0.0,0.0,0.0,0.0
59,0.0,0.0,0.0,0.0,0.0,0.0,0.0,0.0,30.0,132.0,366.0,0.0,0.0,0.0,0.0,0.0
60,0.0,6.0,0.0,0.0,6.0,0.0,0.0,0.0,144.0,0.0,324.0,0.0,48.0,0.0,0.0,0.0
61,0.0,0.0,0.0,0.0,0.0,0.0,0.0,0.0,0.0,42.0,6.0,0.0,0.0,0.0,0.0,0.0
62,0.0,408.0,0.0,0.0,0.0,0.0,0.0,0.0,0.0,0.0,120.0,0.0,0.0,0.0,0.0,0.0
63,0.0,0.0,0.0,0.0,0.0,0.0,0.0,0.0,408.0,0.0,120.0,0.0,0.0,0.0,0.0,0.0
64,0.0,0.0,0.0,0.0,0.0,0.0,0.0,0.0,0.0,3.0,0.0,0.0,0.0,0.0,315.0,0.0
65,0.0,0.0,0.0,0.0,0.0,0.0,0.0,0.0,390.0,0.0,138.0,0.0,0.0,0.0,0.0,0.0
66,0.0,0.0,0.0,0.0,0.0,0.0,3.0,144.0,0.0,0.0,399.0,0.0,0.0,0.0,0.0,279.0
67,0.0,0.0,0.0,0.0,0.0,0.0,390.0,0.0,0.0,0.0,138.0,0.0,0.0,0.0,0.0,0.0
68,0.0,0.0,0.0,0.0,0.0,0.0,0.0,0.0,432.0,0.0,96.0,0.0,0.0,0.0,0.0,0.0
69,0.0,0.0,0.0,0.0,0.0,0.0,0.0,0.0,0.0,0.0,0.0,0.0,0.0,0.0,390.0,0.0
70,0.0,0.0,0.0,0.0,0.0,0.0,420.0,0.0,0.0,0.0,108.0,0.0,0.0,0.0,0.0,0.0
71,0.0,264.0,0.0,0.0,0.0,0.0,150.0,0.0,0.0,6.0,108.0,0.0,0.0,0.0,0.0,0.0
72,0.0,0.0,0.0,0.0,0.0,0.0,0.0,0.0,0.0,384.0,144.0,0.0,0.0,0.0,0.0,0.0
73,0.0,0.0,0.0,0.0,0.0,0.0,0.0,0.0,0.0,24.0,504.00000000000006,0.0,0.0,0.0,0.0,108.0
74,0.0,0.0,0.0,0.0,384.00000000000006,0.0,0.0,0.0,0.0,0.0,162.0,0.0,0.0,0.0,0.0,0.0
75,0.0,393.0,0.0,0.0,0.0,0.0,0.0,0.0,0.0,0.0,135.0,0.0,0.0,0.0,0.0,21.0
76,0.0,0.0,0.0,0.0,0.0,0.0,297.0,0.0,0.0,0.0,144.0,0.0,0.0,0.0,87.0,21.0
77,0.0,0.0,0.0,0.0,432.0,0.0,0.0,0.0,0.0,0.0,96.0,0.0,0.0,0.0,0.0,0.0
78,0.0,0.0,0.0,402.0,0.0,0.0,0.0,0.0,0.0,0.0,126.0,0.0,0.0,0.0,0.0,0.0
79,0.0,0.0,0.0,0.0,0.0,0.0,0.0,0.0,387.0,0.0,141.0,0.0,0.0,0.0,0.0,0.0
80,0.0,0.0,0.0,0.0,0.0,0.0,384.0,0.0,0.0,0.0,144.0,0.0,0.0,0.0,0.0,0.0
81,0.0,0.0,0.0,0.0,0.0,0.0,0.0,0.0,0.0,0.0,0.0,0.0,0.0,132.0,138.0,0.0
82,0.0,0.0,0.0,0.0,0.0,0.0,0.0,0.0,595.5,0.0,150.0,0.0,0.0,0.0,0.0,0.0
83,0.0,0.0,0.0,0.0,0.0,0.0,0.0,0.0,0.0,384.0,144.0,0.0,0.0,0.0,0.0,0.0
84,0.0,0.0,0.0,0.0,444.0,0.0,0.0,0.0,0.0,0.0,96.0,0.0,0.0,0.0,0.0,0.0
85,0.0,0.0,0.0,0.0,0.0,0.0,432.0,0.0,0.0,0.0,96.0,0.0,0.0,0.0,0.0,0.0
86,0.0,0.0,0.0,0.0,0.0,0.0,0.0,0.0,0.0,0.0,0.0,0.0,528.0,0.0,0.0,0.0
87,0.0,420.0,0.0,0.0,0.0,0.0,0.0,0.0,0.0,0.0,108.0,0.0,0.0,0.0,0.0,0.0
88,0.0,0.0,0.0,0.0,0.0,0.0,0.0,0.0,0.0,0.0,73.5,0.0,0.0,0.0,0.0,0.0
89,150.0,0.0,0.0,0.0,0.0,0.0,0.0,0.0,0.0,0.0,378.0,0.0,0.0,0.0,0.0,0.0
90,0.0,31.5,0.0,31.5,0.0,7.5,21.0,51.0,0.0,0.0,78.0,0.0,0.0,0.0,0.0,63.0
91,0.0,0.0,0.0,0.0,0.0,0.0,18.0,0.0,0.0,186.0,323.99999999999994,0.0,0.0,0.0,0.0,102.0
92,0.0,13.5,0.0,0.0,60.0,3.0,105.0,0.0,0.0,0.0,346.5,0.0,0.0,0.0,0.0,79.5
93,0.0,0.0,0.0,0.0,0.0,0.0,0.0,0.0,381.0,0.0,147.0,0.0,0.0,0.0,0.0,24.0
94,0.0,435.0,0.0,0.0,0.0,0.0,0.0,0.0,0.0,0.0,96.0,0.0,0.0,0.0,0.0,0.0
95,0.0,0.0,0.0,0.0,0.0,0.0,0.0,0.0,324.0,0.0,72.0,0.0,0.0,0.0,0.0,0.0
96,0.0,0.0,0.0,0.0,0.0,0.0,408.0,0.0,0.0,0.0,120.0,0.0,0.0,0.0,0.0,0.0
97,0.0,0.0,0.0,6.0,0.0,0.0,0.0,0.0,0.0,420.0,102.0,0.0,0.0,0.0,0.0,0.0
98,0.0,0.0,0.0,0.0,0.0,0.0,0.0,0.0,0.0,0.0,0.0,0.0,0.0,400.5,0.0,0.0
99,432.0,0.0,0.0,0.0,0.0,0.0,0.0,0.0,0.0,0.0,96.0,0.0,0.0,0.0,0.0,0.0
100,384.0,72.0,0.0,0.0,0.0,0.0,0.0,0.0,0.0,0.0,72.0,0.0,0.0,0.0,0.0,0.0
101,0.0,432.0,0.0,0.0,0.0,0.0,0.0,0.0,0.0,0.0,96.0,0.0,0.0,0.0,0.0,0.0
102,0.0,0.0,0.0,0.0,231.0,0.0,0.0,0.0,0.0,0.0,45.0,0.0,0.0,0.0,61.5,0.0
103,0.0,0.0,0.0,0.0,0.0,0.0,0.0,0.0,0.0,0.0,132.0,0.0,0.0,0.0,396.0,0.0
104,0.0,24.0,0.0,0.0,0.0,0.0,240.0,0.0,0.0,0.0,264.0,0.0,0.0,0.0,0.0,0.0
105,0.0,0.0,0.0,0.0,0.0,162.00000000000003,162.00000000000003,0.0,0.0,0.0,204.0,0.0,0.0,0.0,0.0,24.0
106,102.00000000000001,0.0,0.0,0.0,0.0,0.0,0.0,0.0,0.0,0.0,426.0,0.0,0.0,0.0,0.0,150.0
107,0.0,0.0,0.0,0.0,0.0,0.0,0.0,0.0,226.5,193.5,108.0,0.0,0.0,0.0,0.0,0.0
108,0.0,0.0,0.0,282.0,0.0,0.0,0.0,0.0,0.0,0.0,0.0,0.0,0.0,0.0,0.0,0.0
109,0.0,0.0,0.0,0.0,21.0,24.0,0.0,0.0,0.0,12.0,449.99999999999994,0.0,0.0,0.0,21.0,234.0
110,0.0,0.0,0.0,306.0,0.0,0.0,0.0,0.0,0.0,0.0,90.0,0.0,0.0,0.0,0.0,0.0
111,0.0,0.0,0.0,0.0,0.0,0.0,0.0,0.0,0.0,0.0,0.0,0.0,0.0,0.0,480.0,0.0
112,0.0,0.0,0.0,265.5,0.0,0.0,0.0,0.0,0.0,0.0,267.0,0.0,0.0,0.0,0.0,126.0
113,0.0,0.0,0.0,0.0,0.0,0.0,0.0,0.0,0.0,0.0,69.0,0.0,0.0,0.0,459.0,0.0
114,0.0,0.0,0.0,0.0,399.0,0.0,0.0,0.0,0.0,0.0,0.0,0.0,0.0,0.0,0.0,0.0
115,0.0,0.0,0.0,0.0,0.0,0.0,432.0,0.0,0.0,0.0,96.0,0.0,0.0,0.0,0.0,0.0
116,0.0,0.0,0.0,0.0,0.0,0.0,3.0,0.0,315.0,84.0,126.0,0.0,0.0,0.0,0.0,0.0
117,0.0,0.0,0.0,0.0,0.0,0.0,0.0,0.0,0.0,0.0,96.0,0.0,0.0,0.0,432.0,0.0
118,0.0,0.0,0.0,0.0,0.0,0.0,0.0,0.0,0.0,102.0,235.50000000000003,0.0,0.0,0.0,0.0,0.0
119,0.0,54.0,0.0,0.0,168.0,30.0,60.0,0.0,0.0,0.0,216.0,0.0,0.0,0.0,0.0,60.0
120,0.0,441.0,0.0,0.0,0.0,0.0,0.0,0.0,0.0,0.0,87.0,0.0,0.0,0.0,0.0,0.0
121,0.0,18.0,0.0,0.0,0.0,0.0,393.0,0.0,0.0,0.0,117.0,0.0,0.0,0.0,0.0,0.0
122,0.0,0.0,0.0,0.0,0.0,0.0,328.5,0.0,0.0,24.0,189.0,0.0,0.0,0.0,0.0,0.0
123,0.0,0.0,0.0,0.0,0.0,0.0,0.0,0.0,0.0,372.0,156.0,0.0,0.0,0.0,0.0,0.0
124,0.0,0.0,0.0,363.0,0.0,0.0,0.0,0.0,0.0,0.0,165.0,0.0,0.0,0.0,0.0,0.0
125,0.0,0.0,0.0,18.0,0.0,0.0,0.0,0.0,0.0,0.0,0.0,0.0,0.0,0.0,0.0,0.0
126,0.0,72.0,0.0,0.0,0.0,0.0,222.0,0.0,0.0,0.0,234.0,0.0,0.0,0.0,0.0,0.0
127,0.0,0.0,0.0,0.0,0.0,0.0,0.0,0.0,0.0,0.0,528.0,0.0,0.0,0.0,0.0,0.0
128,0.0,0.0,0.0,0.0,0.0,0.0,432.0,0.0,0.0,0.0,96.0,0.0,0.0,0.0,0.0,0.0
129,0.0,426.0,0.0,0.0,0.0,0.0,0.0,0.0,0.0,0.0,102.0,0.0,0.0,0.0,0.0,0.0
130,0.0,0.0,0.0,0.0,0.0,0.0,0.0,0.0,0.0,0.0,0.0,0.0,0.0,318.0,0.0,0.0
131,0.0,0.0,0.0,0.0,0.0,0.0,0.0,0.0,0.0,0.0,144.0,0.0,0.0,0.0,384.0,0.0
132,0.0,0.0,0.0,0.0,0.0,0.0,0.0,126.0,0.0,0.0,0.0,0.0,0.0,0.0,0.0,0.0
133,0.0,0.0,0.0,0.0,0.0,0.0,0.0,0.0,432.0,0.0,96.0,0.0,0.0,0.0,0.0,0.0
134,0.0,0.0,0.0,0.0,0.0,0.0,54.0,0.0,0.0,92.99999999999999,142.5,0.0,16.5,0.0,0.0,0.0
135,0.0,0.0,0.0,0.0,0.0,0.0,0.0,0.0,432.0,0.0,18.0,0.0,0.0,0.0,0.0,0.0
136,0.0,0.0,0.0,0.0,0.0,0.0,390.0,0.0,0.0,0.0,138.0,0.0,0.0,0.0,0.0,0.0
137,0.0,0.0,0.0,0.0,0.0,0.0,0.0,411.0,0.0,0.0,117.0,0.0,0.0,0.0,0.0,6.0
138,0.0,0.0,0.0,480.0,0.0,0.0,0.0,0.0,0.0,0.0,48.0,0.0,0.0,0.0,0.0,0.0
139,0.0,0.0,0.0,0.0,0.0,0.0,0.0,180.0,0.0,0.0,348.0,0.0,0.0,0.0,0.0,0.0
140,0.0,0.0,0.0,432.0,0.0,0.0,0.0,0.0,0.0,0.0,96.0,0.0,0.0,0.0,0.0,0.0
141,0.0,6.0,0.0,0.0,0.0,0.0,0.0,0.0,0.0,0.0,522.0,0.0,0.0,0.0,0.0,0.0
142,0.0,0.0,0.0,288.0,0.0,126.0,0.0,0.0,0.0,0.0,114.0,0.0,0.0,0.0,0.0,0.0
143,0.0,216.0,0.0,90.0,0.0,0.0,114.0,0.0,0.0,0.0,108.0,0.0,0.0,0.0,0.0,0.0
144,0.0,0.0,0.0,0.0,0.0,0.0,0.0,0.0,0.0,0.0,114.0,0.0,0.0,0.0,414.0,0.0
145,0.0,426.0,0.0,0.0,0.0,0.0,0.0,0.0,0.0,0.0,102.0,0.0,0.0,0.0,0.0,0.0
146,0.0,0.0,0.0,0.0,0.0,0.0,0.0,0.0,0.0,0.0,147.0,0.0,0.0,0.0,0.0,0.0
147,0.0,0.0,0.0,0.0,0.0,24.0,132.0,0.0,0.0,0.0,0.0,0.0,0.0,0.0,0.0,0.0
148,0.0,0.0,0.0,0.0,0.0,0.0,0.0,0.0,0.0,384.0,0.0,0.0,0.0,0.0,0.0,0.0
149,432.0,0.0,0.0,0.0,0.0,0.0,0.0,0.0,0.0,0.0,96.0,0.0,0.0,0.0,0.0,0.0
150,0.0,56.99999999999999,0.0,0.0,9.0,0.0,0.0,210.0,0.0,18.0,108.0,0.0,0.0,0.0,0.0,4.5
151,0.0,432.0,0.0,0.0,0.0,0.0,0.0,0.0,0.0,0.0,96.0,0.0,0.0,0.0,0.0,0.0
152,0.0,163.5,0.0,0.0,0.0,0.0,249.0,0.0,0.0,0.0,115.5,0.0,0.0,0.0,0.0,0.0
153,0.0,0.0,0.0,0.0,0.0,0.0,0.0,432.0,0.0,0.0,108.0,0.0,0.0,0.0,0.0,0.0
154,0.0,0.0,0.0,0.0,0.0,0.0,0.0,0.0,432.0,0.0,96.0,0.0,0.0,0.0,0.0,0.0
155,0.0,0.0,0.0,0.0,432.0,0.0,0.0,0.0,0.0,0.0,96.0,0.0,0.0,0.0,0.0,0.0
156,0.0,0.0,0.0,0.0,0.0,0.0,0.0,0.0,438.0,0.0,90.0,0.0,0.0,0.0,0.0,0.0
157,0.0,0.0,0.0,0.0,0.0,0.0,408.0,0.0,0.0,0.0,120.0,0.0,0.0,0.0,0.0,0.0
158,0.0,0.0,0.0,0.0,0.0,0.0,0.0,0.0,0.0,435.0,93.0,0.0,0.0,0.0,0.0,0.0
159,0.0,0.0,0.0,522.0,0.0,0.0,0.0,0.0,0.0,0.0,6.0,0.0,0.0,0.0,0.0,0.0
160,0.0,120.0,0.0,180.0,0.0,132.0,0.0,0.0,0.0,0.0,96.0,0.0,0.0,0.0,0.0,0.0
161,0.0,432.0,0.0,0.0,0.0,0.0,0.0,0.0,0.0,0.0,96.0,0.0,0.0,0.0,0.0,0.0
162,0.0,432.0,0.0,0.0,0.0,0.0,0.0,0.0,0.0,0.0,0.0,0.0,0.0,0.0,0.0,0.0
163,0.0,0.0,0.0,0.0,318.0,0.0,0.0,0.0,0.0,0.0,114.0,0.0,0.0,0.0,0.0,0.0
164,0.0,384.0,0.0,0.0,0.0,0.0,0.0,0.0,0.0,0.0,144.0,0.0,0.0,0.0,0.0,6.0
165,0.0,246.0,0.0,0.0,0.0,0.0,0.0,0.0,0.0,0.0,282.0,0.0,0.0,0.0,0.0,0.0
166,0.0,0.0,0.0,0.0,0.0,0.0,384.0,0.0,0.0,0.0,144.0,0.0,0.0,0.0,0.0,0.0
167,0.0,0.0,0.0,0.0,0.0,0.0,0.0,0.0,372.0,0.0,156.0,0.0,0.0,0.0,0.0,0.0
168,0.0,0.0,0.0,0.0,390.0,0.0,0.0,0.0,0.0,0.0,138.0,0.0,0.0,0.0,0.0,0.0
169,0.0,0.0,0.0,0.0,0.0,0.0,420.0,0.0,0.0,0.0,108.0,0.0,0.0,0.0,0.0,0.0
170,0.0,0.0,0.0,0.0,100.5,0.0,0.0,0.0,0.0,238.5,189.0,0.0,0.0,0.0,0.0,3.0
171,0.0,0.0,0.0,0.0,0.0,0.0,0.0,0.0,384.0,0.0,144.0,0.0,0.0,0.0,0.0,0.0
172,0.0,0.0,0.0,0.0,0.0,0.0,384.0,0.0,0.0,0.0,144.0,0.0,0.0,0.0,0.0,0.0
173,0.0,0.0,0.0,0.0,0.0,0.0,324.0,27.0,0.0,63.0,114.0,0.0,0.0,0.0,0.0,0.0
174,0.0,0.0,0.0,0.0,112.5,0.0,0.0,0.0,0.0,47.99999999999999,0.0,0.0,0.0,0.0,0.0,0.0
175,0.0,0.0,0.0,0.0,0.0,0.0,372.0,0.0,0.0,0.0,0.0,0.0,0.0,0.0,0.0,0.0
176,0.0,0.0,0.0,0.0,0.0,0.0,0.0,0.0,364.5,0.0,0.0,0.0,0.0,0.0,0.0,0.0
177,0.0,0.0,0.0,453.0,0.0,0.0,0.0,0.0,0.0,0.0,75.0,0.0,0.0,0.0,0.0,0.0
178,0.0,0.0,0.0,0.0,0.0,0.0,0.0,0.0,0.0,84.0,444.0,0.0,0.0,0.0,0.0,0.0
179,0.0,0.0,0.0,0.0,0.0,0.0,312.0,0.0,0.0,0.0,0.0,0.0,0.0,0.0,0.0,0.0
180,0.0,0.0,0.0,0.0,0.0,0.0,384.0,0.0,0.0,0.0,144.0,0.0,0.0,0.0,0.0,0.0
181,0.0,0.0,0.0,0.0,0.0,0.0,0.0,198.0,0.0,0.0,330.0,0.0,0.0,0.0,0.0,0.0
182,0.0,0.0,0.0,432.0,0.0,0.0,0.0,0.0,0.0,0.0,0.0,0.0,0.0,0.0,0.0,0.0
183,411.0,0.0,0.0,0.0,0.0,0.0,0.0,0.0,0.0,0.0,117.0,0.0,0.0,0.0,0.0,6.0
184,0.0,0.0,0.0,0.0,0.0,0.0,0.0,402.0,0.0,0.0,30.0,0.0,0.0,0.0,0.0,0.0
185,0.0,0.0,0.0,0.0,0.0,0.0,0.0,0.0,0.0,0.0,138.0,0.0,390.0,0.0,0.0,0.0
186,0.0,0.0,0.0,0.0,0.0,0.0,0.0,0.0,0.0,648.0,0.0,0.0,0.0,0.0,0.0,0.0
187,0.0,0.0,0.0,0.0,0.0,0.0,54.0,0.0,0.0,0.0,0.0,0.0,0.0,0.0,0.0,0.0
188,0.0,0.0,0.0,0.0,0.0,0.0,0.0,0.0,0.0,0.0,528.0,0.0,0.0,0.0,0.0,0.0
189,0.0,0.0,0.0,0.0,0.0,0.0,0.0,0.0,0.0,0.0,99.0,0.0,0.0,429.0,0.0,0.0
190,0.0,384.0,0.0,0.0,0.0,0.0,0.0,0.0,0.0,0.0,144.0,0.0,0.0,0.0,0.0,0.0
191,0.0,0.0,0.0,0.0,0.0,0.0,0.0,0.0,0.0,0.0,0.0,0.0,54.0,0.0,0.0,0.0
192,0.0,0.0,0.0,0.0,0.0,0.0,0.0,0.0,0.0,0.0,6.0,0.0,474.0,0.0,0.0,0.0
193,0.0,0.0,0.0,0.0,0.0,0.0,0.0,0.0,0.0,0.0,48.0,0.0,0.0,0.0,816.0,0.0
194,0.0,0.0,0.0,0.0,0.0,0.0,432.0,0.0,0.0,0.0,96.0,0.0,0.0,0.0,0.0,0.0
195,0.0,432.0,0.0,0.0,0.0,0.0,0.0,0.0,0.0,0.0,96.0,0.0,0.0,0.0,0.0,0.0
196,0.0,0.0,0.0,0.0,0.0,0.0,432.0,0.0,0.0,0.0,96.0,0.0,0.0,0.0,0.0,0.0
197,0.0,0.0,0.0,0.0,0.0,0.0,0.0,0.0,384.0,0.0,144.0,0.0,0.0,0.0,0.0,0.0
198,0.0,0.0,0.0,0.0,0.0,0.0,0.0,0.0,0.0,0.0,48.0,0.0,0.0,0.0,0.0,0.0
199,0.0,0.0,0.0,0.0,0.0,0.0,402.0,0.0,0.0,0.0,0.0,0.0,0.0,0.0,0.0,0.0
200,0.0,0.0,0.0,0.0,0.0,0.0,0.0,0.0,0.0,0.0,96.0,0.0,432.0,0.0,0.0,0.0
201,0.0,0.0,0.0,0.0,0.0,0.0,321.0,0.0,0.0,0.0,207.0,0.0,0.0,0.0,0.0,0.0
202,0.0,0.0,0.0,0.0,0.0,0.0,432.0,0.0,0.0,0.0,0.0,0.0,0.0,0.0,0.0,0.0
203,0.0,0.0,0.0,0.0,0.0,0.0,0.0,0.0,0.0,0.0,528.0,0.0,0.0,0.0,0.0,0.0
204,0.0,0.0,0.0,306.0,0.0,0.0,0.0,0.0,0.0,0.0,0.0,0.0,0.0,0.0,0.0,0.0
205,0.0,0.0,0.0,0.0,0.0,0.0,0.0,0.0,0.0,0.0,528.0,0.0,0.0,0.0,0.0,0.0
206,0.0,0.0,0.0,0.0,0.0,312.0,96.0,0.0,24.0,0.0,96.0,0.0,0.0,0.0,0.0,0.0
207,0.0,0.0,0.0,0.0,0.0,0.0,0.0,0.0,414.0,0.0,114.0,0.0,0.0,0.0,0.0,0.0
208,0.0,0.0,0.0,0.0,408.0,0.0,0.0,0.0,0.0,0.0,120.0,0.0,0.0,0.0,0.0,0.0
209,0.0,0.0,0.0,0.0,0.0,0.0,432.0,0.0,0.0,0.0,0.0,0.0,0.0,0.0,0.0,0.0
210,0.0,0.0,0.0,0.0,0.0,0.0,0.0,0.0,0.0,0.0,96.0,0.0,432.0,0.0,0.0,0.0
211,0.0,432.0,0.0,0.0,0.0,0.0,0.0,0.0,0.0,0.0,96.0,0.0,0.0,0.0,0.0,0.0
212,0.0,0.0,0.0,0.0,0.0,0.0,0.0,0.0,0.0,0.0,144.0,0.0,0.0,0.0,384.0,0.0
213,0.0,0.0,0.0,0.0,0.0,0.0,0.0,0.0,0.0,414.0,114.0,0.0,0.0,0.0,0.0,0.0
214,0.0,0.0,0.0,0.0,0.0,0.0,0.0,0.0,0.0,0.0,61.5,0.0,0.0,366.0,0.0,0.0
215,0.0,0.0,0.0,0.0,0.0,0.0,0.0,0.0,480.0,0.0,96.0,0.0,0.0,0.0,0.0,0.0
216,0.0,0.0,0.0,0.0,144.0,0.0,18.0,0.0,0.0,33.0,132.0,0.0,201.0,0.0,0.0,0.0
217,0.0,447.0,0.0,0.0,0.0,0.0,0.0,0.0,0.0,0.0,81.0,0.0,0.0,0.0,0.0,9.0
218,0.0,0.0,0.0,438.0,0.0,0.0,0.0,0.0,0.0,0.0,90.0,0.0,0.0,0.0,0.0,0.0
219,0.0,0.0,0.0,0.0,0.0,0.0,0.0,0.0,0.0,0.0,72.0,0.0,0.0,0.0,324.0,0.0
220,0.0,0.0,0.0,0.0,0.0,0.0,0.0,0.0,0.0,0.0,75.0,0.0,298.5,0.0,0.0,0.0
221,268.5,0.0,0.0,0.0,0.0,0.0,0.0,0.0,0.0,0.0,127.5,0.0,0.0,0.0,0.0,0.0
222,432.0,0.0,0.0,0.0,0.0,0.0,0.0,0.0,0.0,0.0,96.0,0.0,0.0,0.0,0.0,0.0
223,0.0,0.0,0.0,0.0,0.0,0.0,174.0,0.0,0.0,0.0,96.0,0.0,0.0,0.0,258.0,0.0
224,0.0,0.0,0.0,0.0,0.0,0.0,108.0,0.0,240.0,0.0,270.0,0.0,41.99999999999999,0.0,0.0,0.0
225,0.0,0.0,0.0,0.0,0.0,0.0,420.0,0.0,0.0,0.0,108.0,0.0,0.0,0.0,0.0,0.0
226,0.0,0.0,0.0,0.0,0.0,0.0,306.0,0.0,0.0,0.0,0.0,0.0,0.0,0.0,0.0,0.0
227,0.0,0.0,0.0,366.0,0.0,0.0,0.0,0.0,0.0,0.0,0.0,0.0,0.0,0.0,0.0,0.0
228,0.0,0.0,0.0,0.0,0.0,0.0,0.0,0.0,0.0,432.0,96.0,0.0,0.0,0.0,0.0,0.0
229,0.0,0.0,0.0,0.0,0.0,0.0,426.0,0.0,0.0,0.0,102.0,0.0,0.0,0.0,0.0,0.0
230,0.0,0.0,0.0,339.0,0.0,0.0,0.0,0.0,0.0,0.0,0.0,0.0,0.0,0.0,0.0,0.0
231,0.0,0.0,0.0,0.0,0.0,432.0,0.0,0.0,0.0,0.0,96.0,0.0,0.0,0.0,0.0,0.0
232,0.0,0.0,0.0,0.0,0.0,0.0,0.0,0.0,0.0,0.0,96.0,0.0,432.0,0.0,0.0,0.0
233,0.0,0.0,0.0,0.0,0.0,0.0,0.0,0.0,0.0,0.0,0.0,0.0,0.0,244.5,0.0,0.0
234,0.0,402.0,0.0,0.0,0.0,0.0,0.0,0.0,0.0,0.0,126.0,0.0,0.0,0.0,0.0,0.0
235,0.0,0.0,0.0,342.0,0.0,0.0,0.0,0.0,0.0,0.0,0.0,0.0,0.0,0.0,0.0,0.0
236,0.0,0.0,0.0,432.0,0.0,0.0,0.0,0.0,0.0,0.0,96.0,0.0,0.0,0.0,0.0,0.0
237,0.0,0.0,0.0,0.0,0.0,0.0,102.0,0.0,0.0,0.0,426.0,0.0,0.0,0.0,0.0,0.0
238,0.0,0.0,0.0,291.0,0.0,0.0,0.0,0.0,0.0,0.0,0.0,0.0,0.0,0.0,0.0,0.0
239,0.0,0.0,0.0,0.0,0.0,0.0,336.0,0.0,0.0,0.0,192.0,0.0,0.0,0.0,0.0,0.0
240,0.0,0.0,0.0,0.0,0.0,0.0,0.0,0.0,0.0,432.0,96.0,0.0,0.0,0.0,0.0,0.0
241,0.0,0.0,0.0,0.0,0.0,0.0,496.5,0.0,0.0,0.0,96.0,0.0,0.0,0.0,0.0,0.0
242,0.0,0.0,0.0,0.0,0.0,0.0,0.0,0.0,384.0,0.0,144.0,0.0,0.0,0.0,0.0,21.0
243,0.0,21.0,0.0,0.0,0.0,153.0,216.0,0.0,0.0,0.0,138.0,0.0,0.0,0.0,0.0,0.0
244,0.0,0.0,0.0,0.0,0.0,0.0,0.0,0.0,0.0,411.0,117.0,0.0,0.0,0.0,0.0,0.0
245,0.0,0.0,0.0,0.0,0.0,0.0,387.0,0.0,0.0,0.0,141.0,0.0,0.0,0.0,0.0,0.0
246,0.0,0.0,0.0,0.0,0.0,0.0,426.0,0.0,0.0,0.0,102.0,0.0,0.0,0.0,0.0,0.0
247,0.0,0.0,0.0,0.0,0.0,0.0,390.0,0.0,0.0,0.0,138.0,0.0,0.0,0.0,0.0,0.0
248,0.0,0.0,0.0,0.0,0.0,0.0,0.0,162.0,0.0,174.00000000000003,0.0,0.0,0.0,0.0,0.0,0.0
249,0.0,0.0,0.0,378.0,0.0,0.0,0.0,0.0,0.0,42.0,108.0,0.0,0.0,0.0,0.0,0.0
250,0.0,0.0,0.0,0.0,0.0,0.0,414.0,0.0,0.0,0.0,114.0,0.0,0.0,0.0,0.0,0.0
251,0.0,0.0,0.0,0.0,0.0,0.0,0.0,0.0,0.0,414.0,114.0,0.0,0.0,0.0,0.0,0.0
252,0.0,0.0,0.0,0.0,0.0,0.0,0.0,0.0,0.0,78.0,450.0,0.0,0.0,0.0,0.0,0.0
253,0.0,0.0,0.0,0.0,0.0,0.0,0.0,402.0,0.0,0.0,126.0,0.0,0.0,0.0,0.0,0.0
254,432.0,0.0,0.0,0.0,0.0,0.0,0.0,0.0,0.0,0.0,96.0,0.0,0.0,0.0,0.0,0.0
255,0.0,0.0,0.0,0.0,0.0,0.0,306.0,0.0,0.0,0.0,126.00000000000001,0.0,0.0,0.0,0.0,0.0
256,0.0,432.0,0.0,0.0,0.0,0.0,0.0,0.0,0.0,0.0,96.0,0.0,0.0,0.0,0.0,0.0
257,0.0,0.0,0.0,0.0,0.0,0.0,0.0,0.0,0.0,0.0,0.0,0.0,0.0,169.5,0.0,0.0
258,0.0,0.0,0.0,0.0,0.0,0.0,0.0,0.0,0.0,465.0,30.0,0.0,0.0,0.0,0.0,0.0
259,0.0,0.0,0.0,432.0,0.0,0.0,0.0,0.0,0.0,0.0,96.0,0.0,0.0,0.0,0.0,0.0
260,0.0,432.0,0.0,0.0,0.0,0.0,0.0,0.0,0.0,0.0,0.0,0.0,0.0,0.0,0.0,0.0
261,0.0,0.0,0.0,0.0,0.0,0.0,228.0,0.0,0.0,0.0,303.0,0.0,0.0,0.0,0.0,138.0
262,0.0,378.0,0.0,0.0,0.0,0.0,0.0,0.0,0.0,0.0,150.0,0.0,0.0,0.0,0.0,0.0
263,0.0,0.0,0.0,0.0,411.0,0.0,0.0,0.0,0.0,0.0,127.5,0.0,0.0,0.0,0.0,0.0
264,0.0,0.0,0.0,432.0,0.0,0.0,0.0,0.0,0.0,0.0,96.0,0.0,0.0,0.0,0.0,0.0
265,0.0,0.0,0.0,0.0,0.0,0.0,384.0,0.0,0.0,0.0,144.0,0.0,0.0,0.0,0.0,0.0
266,0.0,0.0,0.0,432.0,0.0,0.0,0.0,0.0,0.0,0.0,0.0,0.0,0.0,0.0,0.0,0.0
267,0.0,0.0,0.0,0.0,0.0,0.0,0.0,0.0,0.0,0.0,96.0,0.0,432.0,0.0,0.0,0.0
268,0.0,0.0,0.0,0.0,0.0,0.0,0.0,0.0,0.0,0.0,528.0,0.0,0.0,0.0,0.0,0.0
269,0.0,0.0,0.0,0.0,0.0,0.0,366.0,0.0,0.0,0.0,162.0,0.0,0.0,0.0,0.0,0.0
270,0.0,0.0,0.0,417.0,0.0,0.0,0.0,0.0,0.0,0.0,0.0,0.0,0.0,0.0,0.0,0.0
271,0.0,0.0,0.0,0.0,0.0,0.0,360.0,0.0,0.0,0.0,168.0,0.0,0.0,0.0,0.0,0.0
272,0.0,0.0,0.0,0.0,0.0,0.0,0.0,0.0,0.0,0.0,18.0,0.0,0.0,0.0,0.0,0.0
273,0.0,0.0,0.0,0.0,0.0,0.0,0.0,0.0,364.5,0.0,163.5,0.0,0.0,0.0,0.0,12.0
274,0.0,0.0,0.0,0.0,0.0,0.0,0.0,0.0,0.0,432.0,0.0,0.0,0.0,0.0,0.0,0.0
275,0.0,0.0,0.0,0.0,0.0,0.0,0.0,0.0,0.0,420.0,108.0,0.0,0.0,0.0,0.0,0.0
276,0.0,0.0,0.0,0.0,0.0,0.0,250.5,0.0,0.0,0.0,270.0,0.0,0.0,0.0,7.5,91.49999999999999
277,0.0,0.0,0.0,0.0,0.0,0.0,0.0,0.0,0.0,414.0,114.0,0.0,0.0,0.0,0.0,0.0
278,0.0,0.0,0.0,0.0,0.0,0.0,0.0,0.0,0.0,0.0,192.0,0.0,0.0,336.0,0.0,0.0
279,0.0,0.0,0.0,0.0,0.0,0.0,0.0,0.0,0.0,0.0,27.0,0.0,0.0,0.0,0.0,0.0
280,0.0,0.0,0.0,0.0,0.0,0.0,432.0,0.0,0.0,0.0,0.0,0.0,0.0,0.0,0.0,0.0
281,0.0,0.0,0.0,480.0,0.0,0.0,0.0,0.0,0.0,0.0,48.0,0.0,0.0,0.0,0.0,0.0
282,0.0,114.0,0.0,306.0,0.0,0.0,0.0,0.0,0.0,0.0,108.0,0.0,0.0,0.0,0.0,0.0
283,0.0,356.99999999999994,0.0,0.0,0.0,0.0,0.0,0.0,0.0,0.0,171.0,0.0,0.0,0.0,0.0,21.0
284,327.0,0.0,0.0,0.0,0.0,0.0,0.0,0.0,0.0,0.0,201.0,0.0,0.0,0.0,0.0,12.0
285,0.0,0.0,0.0,0.0,0.0,0.0,0.0,0.0,408.0,0.0,120.0,0.0,0.0,0.0,0.0,0.0
286,0.0,0.0,0.0,0.0,0.0,0.0,0.0,0.0,0.0,0.0,96.0,0.0,0.0,438.0,0.0,0.0
287,60.0,192.0,0.0,0.0,162.0,0.0,0.0,0.0,0.0,0.0,18.0,0.0,0.0,0.0,0.0,6.0
288,0.0,0.0,0.0,0.0,0.0,0.0,0.0,0.0,0.0,0.0,96.0,0.0,0.0,432.0,0.0,0.0
289,0.0,0.0,0.0,0.0,0.0,0.0,0.0,0.0,0.0,0.0,510.0,0.0,0.0,18.0,0.0,330.0
290,0.0,0.0,0.0,0.0,0.0,0.0,0.0,0.0,0.0,324.0,42.0,0.0,0.0,0.0,120.0,0.0
291,0.0,0.0,0.0,0.0,0.0,0.0,489.0,0.0,0.0,0.0,39.0,0.0,0.0,0.0,0.0,0.0
292,0.0,0.0,0.0,0.0,432.0,0.0,0.0,0.0,0.0,0.0,0.0,0.0,0.0,0.0,0.0,0.0
293,432.0,0.0,0.0,0.0,0.0,0.0,0.0,0.0,0.0,0.0,0.0,0.0,0.0,0.0,0.0,0.0
294,0.0,0.0,0.0,0.0,0.0,0.0,264.0,0.0,0.0,0.0,0.0,0.0,0.0,0.0,0.0,0.0
295,0.0,0.0,0.0,0.0,0.0,0.0,0.0,0.0,0.0,447.0,96.0,0.0,0.0,0.0,0.0,0.0
296,384.0,0.0,0.0,0.0,0.0,0.0,0.0,0.0,0.0,0.0,144.0,0.0,0.0,0.0,0.0,0.0
297,0.0,432.0,0.0,0.0,0.0,0.0,0.0,0.0,0.0,0.0,96.0,0.0,0.0,0.0,0.0,0.0
298,0.0,0.0,0.0,0.0,0.0,0.0,0.0,0.0,0.0,0.0,78.0,0.0,0.0,336.0,0.0,0.0
299,0.0,0.0,0.0,0.0,0.0,0.0,0.0,0.0,0.0,0.0,114.0,0.0,0.0,414.0,0.0,0.0
300,0.0,0.0,0.0,0.0,0.0,0.0,0.0,0.0,0.0,378.0,159.0,0.0,0.0,0.0,0.0,0.0
301,0.0,0.0,0.0,0.0,0.0,0.0,0.0,0.0,465.0,0.0,15.0,0.0,0.0,0.0,0.0,0.0
302,0.0,439.5,0.0,0.0,0.0,0.0,0.0,0.0,0.0,0.0,4.5,0.0,0.0,0.0,0.0,4.5
303,0.0,0.0,0.0,0.0,0.0,0.0,0.0,0.0,0.0,192.0,336.0,0.0,0.0,0.0,0.0,0.0
304,0.0,0.0,0.0,0.0,0.0,0.0,0.0,0.0,0.0,180.0,348.0,0.0,0.0,0.0,0.0,0.0
305,0.0,0.0,0.0,0.0,0.0,0.0,432.0,0.0,0.0,0.0,96.0,0.0,0.0,0.0,0.0,0.0
306,0.0,0.0,0.0,0.0,0.0,0.0,0.0,0.0,0.0,405.0,123.0,0.0,0.0,0.0,0.0,0.0
307,0.0,0.0,0.0,0.0,0.0,0.0,0.0,0.0,0.0,408.0,120.0,0.0,0.0,0.0,0.0,0.0
308,0.0,0.0,0.0,0.0,0.0,0.0,0.0,0.0,295.5,93.0,139.5,0.0,0.0,0.0,0.0,0.0
309,0.0,0.0,0.0,0.0,0.0,0.0,0.0,0.0,0.0,240.0,288.0,0.0,0.0,0.0,0.0,0.0
310,0.0,0.0,0.0,0.0,0.0,0.0,0.0,0.0,0.0,0.0,123.0,0.0,0.0,405.0,0.0,0.0
311,0.0,0.0,0.0,0.0,0.0,0.0,0.0,294.0,0.0,0.0,234.0,0.0,0.0,0.0,0.0,0.0
312,0.0,0.0,0.0,0.0,0.0,0.0,0.0,0.0,0.0,432.0,96.0,0.0,0.0,0.0,0.0,0.0
313,0.0,0.0,0.0,0.0,0.0,0.0,0.0,0.0,0.0,0.0,0.0,0.0,0.0,0.0,432.0,0.0
314,0.0,0.0,0.0,0.0,0.0,0.0,0.0,0.0,0.0,0.0,96.0,0.0,432.0,0.0,0.0,0.0
315,0.0,0.0,0.0,0.0,0.0,0.0,168.0,0.0,0.0,0.0,360.0,0.0,0.0,0.0,0.0,0.0
316,0.0,0.0,0.0,0.0,0.0,0.0,0.0,0.0,0.0,48.00000000000001,465.0,0.0,15.0,0.0,0.0,102.0
317,0.0,0.0,0.0,0.0,0.0,0.0,0.0,0.0,0.0,0.0,18.0,0.0,0.0,354.0,0.0,0.0
318,0.0,408.0,0.0,0.0,0.0,0.0,0.0,0.0,0.0,0.0,120.0,0.0,0.0,0.0,0.0,0.0
319,0.0,0.0,0.0,0.0,3.0,6.0,0.0,0.0,0.0,0.0,423.0,0.0,0.0,0.0,0.0,375.0
320,0.0,0.0,0.0,0.0,0.0,0.0,0.0,0.0,426.0,0.0,102.0,0.0,0.0,0.0,0.0,0.0
321,0.0,0.0,0.0,0.0,0.0,0.0,420.0,0.0,0.0,0.0,108.0,0.0,0.0,0.0,0.0,0.0
322,0.0,0.0,0.0,0.0,0.0,0.0,336.0,0.0,0.0,0.0,192.0,0.0,0.0,0.0,0.0,0.0
323,0.0,0.0,0.0,0.0,0.0,0.0,420.0,0.0,0.0,0.0,108.0,0.0,0.0,0.0,0.0,0.0
324,0.0,0.0,0.0,0.0,0.0,0.0,420.0,0.0,0.0,0.0,36.0,0.0,0.0,0.0,0.0,0.0
325,0.0,210.0,0.0,0.0,0.0,0.0,0.0,0.0,0.0,0.0,318.0,0.0,0.0,0.0,0.0,0.0
326,0.0,0.0,0.0,0.0,378.0,0.0,0.0,0.0,0.0,0.0,150.0,0.0,0.0,0.0,0.0,0.0
327,0.0,0.0,0.0,0.0,0.0,0.0,432.0,0.0,0.0,0.0,96.0,0.0,0.0,0.0,0.0,0.0
328,0.0,0.0,0.0,0.0,0.0,0.0,432.0,0.0,0.0,0.0,96.0,0.0,0.0,0.0,0.0,0.0
329,0.0,0.0,0.0,0.0,0.0,0.0,0.0,0.0,0.0,0.0,0.0,0.0,459.0,0.0,0.0,0.0
330,0.0,0.0,0.0,0.0,0.0,0.0,0.0,0.0,0.0,0.0,0.0,0.0,0.0,528.0,0.0,0.0
331,0.0,0.0,0.0,0.0,0.0,0.0,0.0,0.0,0.0,351.0,201.0,0.0,0.0,0.0,0.0,0.0
332,0.0,0.0,0.0,0.0,0.0,0.0,336.0,0.0,0.0,0.0,192.0,0.0,0.0,0.0,0.0,0.0
333,0.0,0.0,0.0,0.0,0.0,0.0,0.0,0.0,0.0,0.0,3.0,0.0,0.0,0.0,429.0,3.0
334,0.0,0.0,0.0,0.0,0.0,0.0,0.0,0.0,0.0,201.0,33.0,0.0,0.0,0.0,0.0,33.0
335,0.0,0.0,0.0,0.0,0.0,0.0,0.0,432.0,0.0,0.0,96.0,0.0,0.0,0.0,0.0,0.0
336,0.0,0.0,0.0,0.0,0.0,0.0,0.0,168.0,0.0,0.0,0.0,0.0,0.0,0.0,0.0,0.0
337,0.0,0.0,0.0,0.0,0.0,0.0,0.0,0.0,420.0,0.0,108.0,0.0,0.0,0.0,0.0,0.0
338,3.0,0.0,0.0,0.0,0.0,0.0,0.0,0.0,93.0,0.0,432.0,0.0,0.0,0.0,0.0,0.0
339,0.0,0.0,0.0,0.0,0.0,0.0,336.0,0.0,0.0,0.0,192.0,0.0,0.0,0.0,0.0,0.0
340,0.0,0.0,0.0,0.0,0.0,0.0,351.0,0.0,0.0,0.0,177.0,0.0,0.0,0.0,0.0,30.0
341,0.0,10.5,0.0,0.0,0.0,3.0,106.5,0.0,72.0,4.5,259.5,0.0,0.0,72.0,0.0,0.0
342,0.0,0.0,0.0,0.0,0.0,0.0,0.0,0.0,0.0,0.0,96.0,0.0,432.0,0.0,0.0,0.0
343,0.0,0.0,0.0,0.0,0.0,0.0,0.0,0.0,506.99999999999994,0.0,96.0,0.0,0.0,0.0,0.0,0.0
344,0.0,0.0,0.0,0.0,6.0,15.0,48.0,39.0,0.0,51.0,681.0,0.0,0.0,0.0,216.0,249.00000000000003
345,0.0,0.0,0.0,0.0,0.0,0.0,0.0,0.0,414.0,0.0,114.0,0.0,0.0,0.0,0.0,0.0
346,0.0,0.0,0.0,0.0,0.0,0.0,0.0,0.0,0.0,0.0,66.0,0.0,0.0,462.0,0.0,6.0
347,0.0,276.0,0.0,0.0,0.0,0.0,0.0,0.0,0.0,0.0,252.0,0.0,0.0,0.0,0.0,0.0
348,0.0,0.0,0.0,0.0,0.0,0.0,432.0,0.0,0.0,0.0,96.0,0.0,0.0,0.0,0.0,0.0
349,0.0,0.0,0.0,0.0,0.0,0.0,0.0,156.0,0.0,0.0,84.0,0.0,0.0,0.0,0.0,0.0
350,396.0,0.0,0.0,0.0,0.0,0.0,0.0,0.0,0.0,0.0,132.0,0.0,0.0,0.0,0.0,0.0
351,0.0,432.0,0.0,0.0,0.0,0.0,0.0,0.0,0.0,0.0,0.0,0.0,0.0,0.0,0.0,0.0
352,0.0,0.0,0.0,0.0,0.0,0.0,447.0,0.0,0.0,0.0,0.0,0.0,0.0,0.0,0.0,0.0
353,432.0,0.0,0.0,0.0,0.0,0.0,0.0,0.0,0.0,0.0,96.0,0.0,0.0,0.0,0.0,0.0
354,0.0,0.0,0.0,0.0,0.0,0.0,0.0,0.0,373.5,0.0,151.5,0.0,0.0,0.0,3.0,0.0
355,0.0,0.0,0.0,0.0,0.0,0.0,0.0,0.0,312.0,0.0,216.0,0.0,0.0,0.0,0.0,0.0
356,0.0,0.0,0.0,0.0,0.0,0.0,432.0,0.0,0.0,0.0,96.0,0.0,0.0,0.0,0.0,0.0
357,408.0,0.0,0.0,0.0,0.0,0.0,0.0,0.0,0.0,0.0,120.0,0.0,0.0,0.0,0.0,0.0
358,0.0,0.0,0.0,0.0,0.0,0.0,0.0,0.0,240.0,0.0,288.0,0.0,0.0,0.0,0.0,0.0
359,432.0,0.0,0.0,0.0,0.0,0.0,0.0,0.0,0.0,0.0,96.0,0.0,0.0,0.0,0.0,0.0
360,0.0,0.0,0.0,0.0,0.0,0.0,444.0,0.0,0.0,0.0,84.0,0.0,0.0,0.0,0.0,0.0
361,0.0,0.0,0.0,0.0,19.5,0.0,0.0,0.0,223.5,0.0,285.0,0.0,0.0,0.0,0.0,0.0
362,0.0,0.0,0.0,0.0,0.0,0.0,0.0,0.0,0.0,0.0,42.0,0.0,0.0,0.0,0.0,0.0
363,0.0,0.0,0.0,0.0,0.0,0.0,0.0,0.0,0.0,432.0,96.0,0.0,0.0,0.0,0.0,0.0
364,0.0,0.0,0.0,0.0,0.0,0.0,0.0,0.0,0.0,0.0,309.0,0.0,0.0,219.0,0.0,0.0
365,0.0,0.0,0.0,0.0,0.0,0.0,0.0,0.0,426.0,0.0,0.0,0.0,0.0,0.0,0.0,0.0
366,0.0,0.0,0.0,0.0,336.0,0.0,0.0,0.0,0.0,0.0,192.0,0.0,0.0,0.0,0.0,0.0
367,0.0,0.0,0.0,0.0,432.0,0.0,0.0,0.0,0.0,0.0,96.0,0.0,0.0,0.0,0.0,0.0
368,0.0,0.0,0.0,0.0,0.0,0.0,0.0,0.0,0.0,0.0,18.0,0.0,0.0,0.0,0.0,0.0
369,0.0,0.0,0.0,0.0,0.0,0.0,0.0,0.0,0.0,0.0,138.0,0.0,0.0,0.0,0.0,0.0
370,432.0,0.0,0.0,0.0,0.0,0.0,0.0,0.0,0.0,0.0,96.0,0.0,0.0,0.0,0.0,0.0
371,432.0,0.0,0.0,0.0,0.0,0.0,0.0,0.0,0.0,0.0,96.0,0.0,0.0,0.0,0.0,0.0
372,384.0,0.0,0.0,0.0,0.0,0.0,0.0,0.0,0.0,0.0,144.0,0.0,0.0,0.0,0.0,0.0
373,0.0,0.0,0.0,0.0,0.0,0.0,414.0,0.0,0.0,0.0,0.0,0.0,0.0,0.0,0.0,0.0
374,423.0,0.0,0.0,0.0,0.0,0.0,0.0,0.0,0.0,0.0,105.0,0.0,0.0,0.0,0.0,0.0
375,0.0,306.0,0.0,0.0,0.0,0.0,138.0,0.0,6.0,0.0,0.0,0.0,0.0,0.0,0.0,0.0
376,0.0,0.0,0.0,0.0,0.0,0.0,0.0,0.0,0.0,390.0,62.99999999999999,0.0,0.0,0.0,0.0,0.0
377,0.0,0.0,0.0,0.0,0.0,0.0,0.0,0.0,317.99999999999994,0.0,210.0,0.0,0.0,0.0,0.0,63.0
378,0.0,0.0,0.0,0.0,0.0,0.0,0.0,0.0,384.0,0.0,0.0,0.0,0.0,0.0,0.0,0.0
379,0.0,0.0,0.0,0.0,0.0,0.0,12.0,0.0,402.0,0.0,48.0,0.0,0.0,0.0,0.0,0.0
380,384.0,0.0,0.0,0.0,0.0,0.0,0.0,0.0,0.0,0.0,144.0,0.0,0.0,0.0,0.0,0.0
381,0.0,0.0,0.0,432.0,0.0,0.0,0.0,0.0,0.0,0.0,96.0,0.0,0.0,0.0,0.0,0.0
382,0.0,0.0,0.0,0.0,0.0,0.0,0.0,0.0,312.0,0.0,216.0,0.0,0.0,0.0,0.0,0.0
383,0.0,0.0,0.0,0.0,0.0,0.0,0.0,0.0,0.0,0.0,156.0,0.0,0.0,0.0,372.0,0.0
384,0.0,0.0,0.0,0.0,0.0,0.0,432.0,0.0,0.0,0.0,96.0,0.0,0.0,0.0,0.0,0.0
385,0.0,0.0,0.0,0.0,0.0,0.0,0.0,0.0,0.0,432.0,96.0,0.0,0.0,0.0,0.0,0.0
386,0.0,0.0,0.0,0.0,0.0,0.0,0.0,0.0,0.0,432.0,96.0,0.0,0.0,0.0,0.0,0.0
387,0.0,0.0,0.0,0.0,0.0,0.0,0.0,0.0,250.5,15.0,262.5,0.0,0.0,0.0,0.0,0.0
388,312.0,0.0,0.0,0.0,0.0,0.0,0.0,0.0,0.0,0.0,84.0,0.0,0.0,0.0,0.0,0.0
389,0.0,0.0,0.0,0.0,0.0,0.0,0.0,0.0,304.5,0.0,237.0,0.0,3.0,0.0,0.0,0.0
390,0.0,150.0,0.0,0.0,0.0,0.0,168.0,0.0,0.0,0.0,210.0,0.0,0.0,0.0,0.0,0.0
391,432.0,0.0,0.0,0.0,0.0,0.0,0.0,0.0,0.0,0.0,96.0,0.0,0.0,0.0,0.0,0.0
392,0.0,0.0,0.0,0.0,0.0,0.0,0.0,0.0,0.0,0.0,156.0,0.0,0.0,372.0,0.0,0.0
393,0.0,234.0,0.0,198.0,0.0,0.0,0.0,0.0,0.0,0.0,96.0,0.0,0.0,0.0,0.0,0.0
394,384.0,0.0,0.0,0.0,0.0,0.0,0.0,0.0,0.0,0.0,144.0,0.0,0.0,0.0,0.0,0.0
395,384.0,0.0,0.0,0.0,0.0,0.0,0.0,0.0,0.0,0.0,144.0,0.0,0.0,0.0,0.0,0.0
396,0.0,0.0,0.0,0.0,0.0,0.0,360.0,0.0,0.0,0.0,168.0,0.0,0.0,0.0,0.0,0.0
397,0.0,0.0,0.0,0.0,0.0,3.0,0.0,337.5,0.0,66.0,1.5,0.0,0.0,0.0,16.5,1.5
398,0.0,0.0,0.0,0.0,0.0,0.0,0.0,0.0,0.0,0.0,96.0,0.0,432.0,0.0,0.0,0.0
399,384.0,0.0,0.0,0.0,0.0,0.0,0.0,0.0,0.0,0.0,144.0,0.0,0.0,0.0,0.0,0.0
400,432.0,0.0,0.0,0.0,0.0,0.0,0.0,0.0,0.0,0.0,96.0,0.0,0.0,0.0,0.0,0.0
401,0.0,0.0,0.0,0.0,0.0,0.0,0.0,0.0,426.0,0.0,102.0,0.0,0.0,0.0,0.0,0.0
402,0.0,0.0,0.0,0.0,0.0,0.0,0.0,0.0,0.0,0.0,82.5,0.0,0.0,0.0,0.0,0.0
403,0.0,0.0,0.0,390.0,0.0,0.0,0.0,0.0,0.0,0.0,138.0,0.0,0.0,0.0,0.0,0.0
404,0.0,0.0,0.0,0.0,0.0,0.0,0.0,0.0,0.0,0.0,117.0,0.0,0.0,0.0,411.0,0.0
405,0.0,0.0,0.0,432.0,0.0,0.0,0.0,0.0,0.0,0.0,96.0,0.0,0.0,0.0,0.0,0.0
406,222.0,0.0,0.0,0.0,0.0,0.0,0.0,0.0,0.0,0.0,0.0,0.0,0.0,0.0,0.0,0.0
407,0.0,0.0,0.0,0.0,0.0,0.0,192.0,0.0,0.0,0.0,0.0,0.0,0.0,0.0,0.0,0.0
408,0.0,0.0,0.0,0.0,0.0,0.0,0.0,0.0,384.0,0.0,144.0,0.0,0.0,0.0,0.0,0.0
409,0.0,0.0,0.0,0.0,0.0,0.0,0.0,0.0,0.0,0.0,150.0,0.0,0.0,0.0,378.0,0.0
410,0.0,0.0,0.0,0.0,0.0,0.0,0.0,0.0,0.0,432.0,96.0,0.0,0.0,0.0,0.0,0.0
411,0.0,0.0,0.0,0.0,0.0,0.0,0.0,0.0,0.0,432.0,96.0,0.0,0.0,0.0,0.0,0.0
412,0.0,0.0,0.0,0.0,0.0,0.0,0.0,0.0,0.0,432.0,96.0,0.0,0.0,0.0,0.0,0.0
413,0.0,0.0,0.0,0.0,0.0,0.0,0.0,0.0,0.0,336.0,192.0,0.0,0.0,0.0,0.0,0.0
414,0.0,0.0,0.0,0.0,0.0,0.0,0.0,0.0,0.0,432.0,96.0,0.0,0.0,0.0,0.0,0.0
415,0.0,0.0,0.0,0.0,0.0,0.0,0.0,0.0,0.0,0.0,192.0,0.0,0.0,336.0,0.0,0.0
416,0.0,0.0,0.0,0.0,0.0,0.0,0.0,0.0,0.0,0.0,174.0,0.0,0.0,354.0,0.0,0.0
417,0.0,0.0,0.0,0.0,0.0,0.0,0.0,0.0,0.0,426.0,102.0,0.0,0.0,0.0,0.0,0.0
418,0.0,0.0,0.0,0.0,0.0,0.0,0.0,0.0,372.0,0.0,0.0,0.0,63.00000000000001,0.0,0.0,0.0
419,0.0,0.0,0.0,0.0,0.0,0.0,0.0,0.0,0.0,0.0,528.0,0.0,0.0,0.0,0.0,0.0
420,312.0,0.0,0.0,0.0,0.0,0.0,0.0,0.0,0.0,0.0,216.0,0.0,0.0,0.0,0.0,0.0
421,0.0,0.0,0.0,0.0,0.0,0.0,0.0,193.5,0.0,0.0,334.5,0.0,0.0,0.0,0.0,214.49999999999997
422,0.0,0.0,0.0,0.0,0.0,0.0,0.0,0.0,0.0,48.0,144.0,0.0,0.0,0.0,0.0,0.0
423,0.0,186.0,0.0,0.0,0.0,0.0,0.0,0.0,306.0,0.0,36.0,0.0,0.0,0.0,0.0,0.0
424,336.0,0.0,0.0,0.0,0.0,0.0,0.0,0.0,0.0,0.0,192.0,0.0,0.0,0.0,0.0,0.0
425,384.0,0.0,0.0,0.0,0.0,0.0,0.0,0.0,0.0,0.0,144.0,0.0,0.0,0.0,0.0,0.0
426,0.0,0.0,0.0,42.0,0.0,24.000000000000004,0.0,0.0,24.000000000000004,114.0,156.0,0.0,0.0,0.0,168.0,18.0
427,384.0,0.0,0.0,0.0,0.0,0.0,0.0,0.0,0.0,0.0,144.0,0.0,0.0,0.0,0.0,0.0
428,0.0,0.0,0.0,0.0,0.0,0.0,0.0,0.0,0.0,432.0,96.0,0.0,0.0,0.0,0.0,0.0
429,432.0,0.0,0.0,0.0,0.0,0.0,0.0,0.0,0.0,0.0,96.0,0.0,0.0,0.0,0.0,0.0
430,0.0,0.0,0.0,0.0,0.0,0.0,0.0,0.0,0.0,0.0,144.0,0.0,384.0,0.0,0.0,0.0
431,0.0,0.0,0.0,0.0,7.5,1.5,0.0,352.5,0.0,81.0,85.5,0.0,0.0,0.0,0.0,0.0
432,0.0,0.0,0.0,0.0,0.0,0.0,0.0,0.0,0.0,0.0,118.5,0.0,0.0,409.5,0.0,0.0
433,0.0,0.0,0.0,0.0,0.0,0.0,0.0,0.0,0.0,0.0,96.0,0.0,432.0,0.0,0.0,0.0
434,360.0,0.0,0.0,0.0,0.0,0.0,0.0,0.0,0.0,0.0,168.0,0.0,0.0,0.0,0.0,0.0
435,432.0,0.0,0.0,0.0,0.0,0.0,0.0,0.0,0.0,0.0,96.0,0.0,0.0,0.0,0.0,0.0
436,0.0,0.0,0.0,0.0,0.0,0.0,0.0,0.0,432.0,0.0,96.0,0.0,0.0,0.0,0.0,0.0
437,432.0,0.0,0.0,0.0,0.0,0.0,0.0,0.0,0.0,0.0,96.0,0.0,0.0,0.0,0.0,0.0
438,0.0,0.0,0.0,0.0,0.0,0.0,267.0,0.0,0.0,0.0,276.0,0.0,0.0,0.0,0.0,0.0
439,0.0,0.0,0.0,0.0,0.0,0.0,432.0,0.0,0.0,0.0,96.0,0.0,0.0,0.0,0.0,0.0
440,0.0,0.0,0.0,0.0,0.0,0.0,408.0,0.0,0.0,0.0,120.0,0.0,0.0,0.0,0.0,0.0
441,0.0,78.0,0.0,0.0,0.0,0.0,0.0,0.0,0.0,0.0,420.0,0.0,0.0,0.0,30.0,156.0
442,0.0,201.0,0.0,327.0,0.0,0.0,0.0,0.0,0.0,0.0,0.0,0.0,0.0,0.0,0.0,0.0
443,0.0,0.0,0.0,0.0,0.0,0.0,0.0,0.0,375.0,0.0,153.0,0.0,0.0,0.0,0.0,0.0
444,432.0,0.0,0.0,0.0,0.0,0.0,0.0,0.0,0.0,0.0,96.0,0.0,0.0,0.0,0.0,0.0
445,201.0,0.0,0.0,0.0,0.0,0.0,0.0,0.0,0.0,0.0,327.0,0.0,0.0,0.0,0.0,0.0
446,0.0,0.0,0.0,157.5,0.0,55.5,0.0,0.0,0.0,225.0,48.0,0.0,42.0,0.0,0.0,0.0
447,0.0,0.0,0.0,0.0,0.0,0.0,0.0,0.0,36.0,174.0,318.0,0.0,0.0,0.0,0.0,174.0
448,0.0,0.0,0.0,0.0,0.0,0.0,0.0,0.0,0.0,0.0,102.0,0.0,453.0,0.0,0.0,0.0
449,0.0,0.0,0.0,0.0,0.0,0.0,0.0,0.0,372.0,0.0,156.0,0.0,0.0,0.0,0.0,0.0
450,0.0,0.0,0.0,0.0,0.0,0.0,0.0,0.0,408.0,0.0,120.0,0.0,0.0,0.0,0.0,0.0
451,0.0,0.0,0.0,0.0,0.0,0.0,0.0,0.0,0.0,0.0,192.0,0.0,336.0,0.0,0.0,0.0
452,0.0,0.0,0.0,0.0,0.0,0.0,0.0,0.0,432.0,0.0,96.0,0.0,0.0,0.0,0.0,0.0
453,0.0,0.0,0.0,0.0,0.0,0.0,0.0,0.0,0.0,138.0,144.0,0.0,246.0,0.0,0.0,0.0
454,0.0,0.0,0.0,0.0,0.0,0.0,0.0,132.0,0.0,9.0,15.0,0.0,0.0,0.0,0.0,15.0
455,0.0,60.0,0.0,0.0,0.0,0.0,1.5,0.0,0.0,19.5,423.0,0.0,24.0,0.0,0.0,81.0
456,0.0,0.0,0.0,432.0,0.0,0.0,0.0,0.0,0.0,0.0,96.0,0.0,0.0,0.0,0.0,0.0
457,0.0,0.0,0.0,0.0,0.0,0.0,300.0,0.0,132.0,0.0,96.0,0.0,0.0,0.0,0.0,0.0
458,0.0,0.0,0.0,0.0,384.0,0.0,0.0,0.0,0.0,0.0,144.0,0.0,0.0,0.0,0.0,0.0
459,0.0,0.0,0.0,0.0,0.0,0.0,0.0,0.0,420.0,0.0,96.0,0.0,12.0,0.0,0.0,0.0
460,0.0,0.0,0.0,0.0,0.0,0.0,429.0,0.0,0.0,0.0,99.0,0.0,0.0,0.0,0.0,3.0
461,0.0,0.0,0.0,0.0,0.0,0.0,0.0,0.0,0.0,432.0,96.0,0.0,0.0,0.0,0.0,0.0
462,0.0,0.0,0.0,0.0,0.0,0.0,0.0,0.0,36.0,0.0,0.0,0.0,0.0,0.0,0.0,0.0
463,0.0,0.0,0.0,0.0,0.0,0.0,0.0,0.0,120.0,0.0,366.0,0.0,48.0,0.0,0.0,0.0
464,402.0,0.0,0.0,0.0,0.0,0.0,0.0,0.0,0.0,0.0,126.0,0.0,0.0,0.0,0.0,0.0
465,0.0,0.0,0.0,0.0,0.0,0.0,0.0,0.0,0.0,0.0,369.0,0.0,0.0,159.0,0.0,0.0
466,0.0,0.0,0.0,0.0,402.0,0.0,0.0,0.0,0.0,0.0,126.0,0.0,0.0,0.0,0.0,0.0
467,366.0,0.0,0.0,0.0,0.0,0.0,0.0,0.0,0.0,0.0,162.0,0.0,0.0,0.0,0.0,0.0
468,0.0,0.0,0.0,0.0,0.0,0.0,0.0,0.0,0.0,0.0,109.5,0.0,0.0,418.5,0.0,0.0
469,0.0,0.0,0.0,0.0,0.0,0.0,0.0,0.0,78.0,18.0,144.0,0.0,0.0,0.0,0.0,0.0
470,0.0,0.0,0.0,0.0,0.0,0.0,24.0,0.0,228.0,0.0,258.0,0.0,18.0,0.0,0.0,0.0
471,0.0,0.0,0.0,0.0,0.0,0.0,287.99999999999994,0.0,0.0,0.0,231.0,0.0,0.0,0.0,0.0,0.0
472,0.0,0.0,0.0,0.0,435.0,0.0,0.0,0.0,0.0,0.0,96.0,0.0,0.0,0.0,0.0,0.0
473,0.0,0.0,0.0,0.0,0.0,0.0,0.0,0.0,0.0,0.0,447.0,0.0,81.0,0.0,0.0,0.0
474,0.0,0.0,0.0,0.0,0.0,0.0,0.0,0.0,432.0,0.0,0.0,0.0,0.0,0.0,0.0,0.0
475,0.0,0.0,0.0,0.0,0.0,0.0,0.0,234.0,90.0,0.0,72.0,0.0,0.0,0.0,0.0,0.0
476,0.0,0.0,0.0,0.0,0.0,0.0,0.0,0.0,438.0,0.0,12.0,0.0,0.0,0.0,0.0,0.0
477,0.0,0.0,0.0,0.0,0.0,0.0,0.0,0.0,495.0,0.0,72.0,0.0,0.0,0.0,0.0,0.0
478,405.0,0.0,0.0,0.0,0.0,0.0,0.0,0.0,0.0,0.0,123.0,0.0,0.0,0.0,0.0,0.0
479,0.0,0.0,0.0,0.0,0.0,0.0,0.0,0.0,0.0,0.0,120.0,0.0,408.0,0.0,0.0,0.0
480,405.0,0.0,0.0,0.0,0.0,0.0,0.0,0.0,0.0,0.0,123.0,0.0,0.0,0.0,0.0,0.0
481,0.0,0.0,0.0,0.0,0.0,432.0,0.0,0.0,0.0,0.0,96.0,0.0,0.0,0.0,0.0,0.0
482,0.0,0.0,0.0,0.0,0.0,0.0,0.0,0.0,402.0,0.0,126.0,0.0,0.0,0.0,0.0,0.0
483,432.0,0.0,0.0,0.0,0.0,0.0,0.0,0.0,0.0,0.0,96.0,0.0,0.0,0.0,0.0,0.0
484,432.0,0.0,0.0,0.0,0.0,0.0,0.0,0.0,0.0,0.0,96.0,0.0,0.0,0.0,0.0,0.0
485,432.0,0.0,0.0,0.0,0.0,0.0,0.0,0.0,0.0,0.0,96.0,0.0,0.0,0.0,0.0,0.0
486,0.0,0.0,0.0,0.0,0.0,0.0,0.0,0.0,0.0,0.0,555.0,0.0,0.0,0.0,0.0,0.0
487,384.0,0.0,0.0,0.0,0.0,0.0,0.0,0.0,0.0,0.0,144.0,0.0,0.0,0.0,0.0,0.0
488,432.0,0.0,0.0,0.0,0.0,0.0,0.0,0.0,0.0,0.0,96.0,0.0,0.0,0.0,0.0,0.0
489,435.0,0.0,0.0,0.0,0.0,0.0,0.0,0.0,0.0,0.0,0.0,0.0,0.0,0.0,0.0,0.0
490,0.0,0.0,0.0,0.0,0.0,0.0,0.0,0.0,414.0,0.0,114.0,0.0,0.0,0.0,0.0,0.0
491,432.0,0.0,0.0,0.0,0.0,0.0,0.0,0.0,0.0,0.0,96.0,0.0,0.0,0.0,0.0,0.0
492,288.0,0.0,0.0,0.0,0.0,0.0,0.0,0.0,0.0,0.0,240.0,0.0,0.0,0.0,0.0,0.0
493,0.0,0.0,0.0,0.0,0.0,0.0,0.0,0.0,0.0,0.0,141.0,0.0,387.0,0.0,0.0,0.0
494,156.0,0.0,0.0,0.0,0.0,0.0,0.0,0.0,0.0,0.0,372.0,0.0,0.0,0.0,0.0,0.0
495,432.0,0.0,0.0,0.0,0.0,0.0,0.0,0.0,0.0,0.0,96.0,0.0,0.0,0.0,0.0,0.0
496,432.0,0.0,0.0,0.0,0.0,0.0,0.0,0.0,0.0,0.0,96.0,0.0,0.0,0.0,0.0,0.0
497,432.0,0.0,0.0,0.0,0.0,0.0,0.0,0.0,0.0,0.0,96.0,0.0,0.0,0.0,0.0,0.0
498,0.0,0.0,0.0,0.0,0.0,0.0,0.0,0.0,0.0,60.0,144.0,0.0,0.0,0.0,324.0,0.0
499,384.0,0.0,0.0,0.0,0.0,0.0,0.0,0.0,0.0,0.0,144.0,0.0,0.0,0.0,0.0,0.0
500,96.0,0.0,0.0,0.0,0.0,0.0,0.0,0.0,0.0,0.0,432.0,0.0,0.0,0.0,0.0,0.0
501,288.0,0.0,0.0,0.0,0.0,0.0,0.0,0.0,0.0,0.0,240.0,0.0,0.0,0.0,0.0,0.0
502,0.0,0.0,0.0,0.0,0.0,0.0,72.0,0.0,0.0,0.0,108.0,0.0,0.0,0.0,348.0,0.0
503,0.0,0.0,0.0,0.0,0.0,0.0,0.0,0.0,0.0,0.0,150.0,0.0,0.0,378.0,0.0,0.0
504,0.0,0.0,0.0,0.0,0.0,0.0,0.0,0.0,330.0,0.0,198.0,0.0,0.0,0.0,0.0,18.0
505,0.0,0.0,0.0,0.0,0.0,0.0,0.0,0.0,432.0,0.0,96.0,0.0,0.0,0.0,0.0,0.0
506,0.0,0.0,0.0,0.0,0.0,0.0,0.0,0.0,0.0,0.0,528.0,0.0,0.0,0.0,0.0,0.0
507,0.0,0.0,0.0,0.0,0.0,0.0,0.0,0.0,0.0,0.0,204.0,0.0,330.0,0.0,0.0,0.0
508,0.0,0.0,0.0,0.0,0.0,0.0,0.0,0.0,0.0,0.0,216.0,0.0,312.0,0.0,0.0,0.0
509,432.0,0.0,0.0,0.0,0.0,0.0,0.0,0.0,0.0,0.0,96.0,0.0,0.0,0.0,0.0,0.0
510,0.0,384.0,0.0,0.0,0.0,0.0,0.0,0.0,0.0,0.0,144.0,0.0,0.0,0.0,0.0,0.0
511,0.0,0.0,0.0,0.0,0.0,0.0,0.0,444.0,0.0,0.0,96.0,0.0,0.0,0.0,0.0,0.0
512,0.0,0.0,0.0,0.0,0.0,0.0,0.0,0.0,0.0,0.0,61.5,0.0,0.0,0.0,0.0,6.0
513,412.5,0.0,0.0,0.0,0.0,0.0,0.0,0.0,0.0,0.0,115.5,0.0,0.0,0.0,0.0,0.0
514,0.0,0.0,0.0,0.0,0.0,0.0,0.0,0.0,0.0,0.0,120.0,0.0,0.0,408.0,0.0,0.0
515,432.0,0.0,0.0,0.0,0.0,0.0,0.0,0.0,0.0,0.0,96.0,0.0,0.0,0.0,0.0,0.0
516,0.0,0.0,0.0,0.0,0.0,0.0,480.0,0.0,0.0,0.0,96.0,0.0,0.0,0.0,0.0,0.0
517,375.0,0.0,0.0,0.0,0.0,0.0,0.0,0.0,0.0,0.0,153.0,0.0,0.0,0.0,0.0,0.0
518,0.0,0.0,0.0,0.0,0.0,63.0,0.0,0.0,0.0,81.0,96.0,0.0,0.0,0.0,288.0,0.0
519,384.0,0.0,0.0,0.0,0.0,0.0,0.0,0.0,0.0,0.0,144.0,0.0,0.0,0.0,0.0,0.0
520,432.0,0.0,0.0,0.0,0.0,0.0,0.0,0.0,0.0,0.0,96.0,0.0,0.0,0.0,0.0,0.0
521,0.0,0.0,0.0,0.0,0.0,0.0,0.0,0.0,0.0,181.5,231.0,0.0,115.5,0.0,0.0,0.0
522,0.0,0.0,0.0,0.0,0.0,0.0,0.0,0.0,0.0,0.0,156.0,0.0,0.0,0.0,372.0,0.0
523,0.0,0.0,0.0,0.0,54.0,252.0,84.0,0.0,0.0,0.0,114.0,0.0,0.0,0.0,24.0,0.0
524,0.0,384.0,0.0,0.0,0.0,0.0,0.0,0.0,0.0,0.0,0.0,0.0,0.0,0.0,0.0,0.0
525,0.0,0.0,0.0,0.0,336.0,0.0,0.0,0.0,0.0,0.0,192.0,0.0,0.0,0.0,0.0,0.0
526,0.0,0.0,0.0,0.0,384.0,0.0,0.0,0.0,0.0,0.0,144.0,0.0,0.0,0.0,0.0,0.0
527,420.0,0.0,0.0,0.0,0.0,0.0,0.0,0.0,0.0,0.0,108.0,0.0,0.0,0.0,0.0,0.0
528,0.0,0.0,0.0,0.0,0.0,0.0,420.0,0.0,0.0,0.0,108.0,0.0,0.0,0.0,0.0,0.0
529,0.0,0.0,0.0,0.0,0.0,336.0,0.0,0.0,0.0,0.0,192.0,0.0,0.0,0.0,0.0,0.0
530,0.0,0.0,0.0,0.0,0.0,0.0,0.0,0.0,0.0,0.0,528.0,0.0,0.0,0.0,0.0,0.0
531,0.0,0.0,0.0,0.0,0.0,0.0,0.0,0.0,474.0,0.0,54.0,0.0,0.0,0.0,0.0,0.0
532,0.0,0.0,0.0,0.0,14.999999999999998,0.0,685.5,0.0,0.0,0.0,75.0,0.0,0.0,0.0,0.0,27.0
533,432.0,0.0,0.0,0.0,0.0,0.0,0.0,0.0,0.0,0.0,96.0,0.0,0.0,0.0,0.0,0.0
534,0.0,0.0,0.0,0.0,0.0,0.0,0.0,0.0,505.5,0.0,99.0,0.0,0.0,0.0,0.0,0.0
535,192.0,0.0,0.0,0.0,0.0,0.0,0.0,0.0,0.0,0.0,336.0,0.0,0.0,0.0,0.0,0.0
536,0.0,0.0,0.0,0.0,432.0,0.0,0.0,0.0,0.0,0.0,96.0,0.0,0.0,0.0,0.0,0.0
537,432.0,0.0,0.0,0.0,0.0,0.0,0.0,0.0,0.0,0.0,96.0,0.0,0.0,0.0,0.0,0.0
538,432.0,0.0,0.0,0.0,0.0,0.0,0.0,0.0,0.0,0.0,96.0,0.0,0.0,0.0,0.0,0.0
539,0.0,0.0,0.0,0.0,0.0,0.0,432.0,0.0,0.0,0.0,96.0,0.0,0.0,0.0,0.0,0.0
540,0.0,0.0,0.0,0.0,0.0,0.0,0.0,0.0,0.0,0.0,96.0,0.0,0.0,432.0,0.0,0.0
541,432.0,0.0,0.0,0.0,0.0,0.0,0.0,0.0,0.0,0.0,96.0,0.0,0.0,0.0,0.0,0.0
542,240.0,0.0,0.0,0.0,0.0,0.0,0.0,0.0,0.0,0.0,288.0,0.0,0.0,0.0,0.0,0.0
543,432.0,0.0,0.0,0.0,0.0,0.0,0.0,0.0,0.0,0.0,96.0,0.0,0.0,0.0,0.0,0.0
544,246.0,0.0,0.0,0.0,0.0,0.0,0.0,0.0,0.0,0.0,282.0,0.0,0.0,0.0,0.0,0.0
545,0.0,0.0,0.0,0.0,0.0,0.0,0.0,0.0,337.5,129.0,93.0,0.0,0.0,0.0,0.0,0.0
546,0.0,0.0,0.0,0.0,0.0,0.0,0.0,0.0,0.0,436.5,96.0,0.0,0.0,0.0,0.0,0.0
547,375.0,0.0,0.0,0.0,0.0,0.0,0.0,0.0,0.0,0.0,153.0,0.0,0.0,0.0,0.0,0.0
548,432.0,0.0,0.0,0.0,0.0,0.0,0.0,0.0,0.0,0.0,96.0,0.0,0.0,0.0,0.0,0.0
549,402.0,0.0,0.0,0.0,0.0,0.0,0.0,0.0,0.0,0.0,0.0,0.0,0.0,0.0,0.0,0.0
550,0.0,444.0,0.0,0.0,0.0,0.0,0.0,0.0,0.0,0.0,0.0,0.0,0.0,0.0,0.0,0.0
551,432.0,0.0,0.0,0.0,0.0,0.0,0.0,0.0,0.0,0.0,96.0,0.0,0.0,0.0,0.0,0.0
552,432.0,0.0,0.0,0.0,0.0,0.0,0.0,0.0,0.0,0.0,96.0,0.0,0.0,0.0,0.0,0.0
553,0.0,0.0,0.0,0.0,414.0,0.0,0.0,0.0,0.0,0.0,114.0,0.0,0.0,0.0,0.0,0.0
554,0.0,0.0,0.0,0.0,0.0,0.0,0.0,0.0,0.0,432.0,96.0,0.0,0.0,0.0,0.0,0.0
555,432.0,0.0,0.0,0.0,0.0,0.0,0.0,0.0,0.0,0.0,96.0,0.0,0.0,0.0,0.0,0.0
556,384.0,0.0,0.0,0.0,0.0,0.0,0.0,0.0,0.0,0.0,144.0,0.0,0.0,0.0,0.0,0.0
557,0.0,384.0,0.0,0.0,0.0,0.0,0.0,0.0,0.0,0.0,144.0,0.0,0.0,0.0,0.0,0.0
558,0.0,0.0,0.0,0.0,0.0,0.0,304.5,0.0,0.0,0.0,0.0,0.0,0.0,0.0,0.0,0.0
559,0.0,0.0,0.0,0.0,0.0,0.0,433.5,0.0,0.0,0.0,96.0,0.0,0.0,0.0,0.0,0.0
560,0.0,0.0,0.0,0.0,0.0,0.0,0.0,336.0,0.0,0.0,192.0,0.0,0.0,0.0,0.0,0.0
561,432.0,0.0,0.0,0.0,0.0,0.0,0.0,0.0,0.0,0.0,96.0,0.0,0.0,0.0,0.0,0.0
562,421.5,0.0,0.0,0.0,0.0,0.0,0.0,0.0,0.0,0.0,0.0,0.0,0.0,0.0,0.0,0.0
563,333.0,0.0,0.0,0.0,0.0,0.0,0.0,0.0,0.0,0.0,195.0,0.0,0.0,0.0,0.0,0.0
564,0.0,0.0,0.0,0.0,360.0,0.0,0.0,0.0,0.0,0.0,168.0,0.0,0.0,0.0,0.0,0.0
565,0.0,0.0,0.0,0.0,0.0,0.0,0.0,0.0,0.0,0.0,114.0,0.0,0.0,0.0,414.0,0.0
566,0.0,0.0,0.0,0.0,0.0,0.0,0.0,0.0,0.0,0.0,144.0,0.0,0.0,0.0,384.0,7.5
567,0.0,0.0,0.0,0.0,0.0,0.0,0.0,0.0,75.0,0.0,0.0,0.0,0.0,0.0,0.0,0.0
568,0.0,0.0,0.0,0.0,0.0,0.0,0.0,0.0,159.0,0.0,0.0,0.0,0.0,0.0,0.0,0.0
569,0.0,0.0,0.0,0.0,0.0,0.0,0.0,0.0,0.0,0.0,12.0,0.0,0.0,0.0,0.0,12.0
570,0.0,0.0,0.0,0.0,169.5,0.0,0.0,0.0,0.0,0.0,0.0,0.0,0.0,0.0,0.0,0.0
571,0.0,0.0,0.0,0.0,0.0,0.0,0.0,0.0,246.0,177.0,105.0,0.0,0.0,0.0,0.0,0.0
572,0.0,0.0,0.0,0.0,0.0,0.0,0.0,0.0,0.0,0.0,96.0,0.0,432.0,0.0,0.0,0.0
573,0.0,0.0,0.0,0.0,0.0,0.0,0.0,0.0,420.0,0.0,108.0,0.0,0.0,0.0,0.0,0.0
574,0.0,0.0,0.0,0.0,0.0,0.0,0.0,432.0,0.0,0.0,0.0,0.0,0.0,0.0,0.0,0.0
575,0.0,0.0,0.0,0.0,0.0,0.0,0.0,0.0,0.0,0.0,96.0,0.0,432.0,0.0,0.0,0.0
576,0.0,0.0,0.0,0.0,0.0,0.0,0.0,0.0,0.0,0.0,235.5,0.0,0.0,240.0,0.0,4.5
577,0.0,0.0,0.0,0.0,0.0,0.0,0.0,0.0,0.0,0.0,0.0,0.0,138.0,0.0,0.0,0.0
578,0.0,0.0,0.0,0.0,0.0,0.0,432.0,0.0,0.0,0.0,96.0,0.0,0.0,0.0,0.0,0.0
579,0.0,0.0,0.0,0.0,0.0,0.0,0.0,0.0,0.0,198.0,114.0,0.0,216.0,0.0,0.0,0.0
580,384.0,0.0,0.0,0.0,0.0,0.0,0.0,0.0,0.0,0.0,144.0,0.0,0.0,0.0,0.0,0.0
581,0.0,0.0,0.0,0.0,0.0,0.0,0.0,0.0,0.0,0.0,99.0,0.0,0.0,429.0,0.0,0.0
582,0.0,0.0,0.0,0.0,0.0,0.0,0.0,0.0,384.0,0.0,144.0,0.0,0.0,0.0,0.0,0.0
583,0.0,36.0,0.0,0.0,0.0,0.0,0.0,0.0,0.0,0.0,0.0,0.0,0.0,0.0,0.0,0.0
584,0.0,0.0,0.0,0.0,0.0,0.0,0.0,0.0,0.0,0.0,48.0,0.0,0.0,216.0,0.0,0.0
585,432.0,0.0,0.0,0.0,0.0,0.0,0.0,0.0,0.0,0.0,96.0,0.0,0.0,0.0,0.0,0.0
586,0.0,0.0,0.0,0.0,0.0,0.0,0.0,0.0,0.0,0.0,102.0,0.0,426.0,0.0,0.0,0.0
587,432.0,0.0,0.0,0.0,0.0,0.0,0.0,0.0,0.0,0.0,96.0,0.0,0.0,0.0,0.0,0.0
588,0.0,0.0,0.0,0.0,0.0,0.0,0.0,0.0,0.0,0.0,0.0,0.0,0.0,166.5,0.0,0.0
589,0.0,0.0,0.0,0.0,0.0,0.0,0.0,0.0,10.5,0.0,0.0,0.0,0.0,0.0,0.0,0.0
590,0.0,48.0,0.0,0.0,0.0,0.0,0.0,0.0,0.0,0.0,0.0,0.0,0.0,0.0,0.0,0.0
591,0.0,0.0,0.0,0.0,0.0,0.0,0.0,0.0,396.0,0.0,132.0,0.0,0.0,0.0,0.0,0.0
592,0.0,0.0,0.0,0.0,0.0,0.0,0.0,0.0,0.0,6.000000000000001,372.0,0.0,150.0,0.0,0.0,102.0
593,0.0,424.5,0.0,0.0,0.0,0.0,0.0,0.0,0.0,0.0,103.5,0.0,0.0,0.0,0.0,0.0
594,0.0,0.0,0.0,0.0,0.0,0.0,426.0,0.0,0.0,0.0,102.0,0.0,0.0,0.0,0.0,0.0
595,0.0,0.0,0.0,0.0,0.0,0.0,0.0,0.0,0.0,0.0,216.0,0.0,312.0,0.0,0.0,0.0
596,0.0,120.0,0.0,0.0,0.0,0.0,0.0,0.0,0.0,0.0,408.00000000000006,0.0,0.0,0.0,0.0,189.00000000000003
597,0.0,0.0,0.0,0.0,0.0,0.0,0.0,0.0,0.0,0.0,96.0,0.0,466.5,0.0,0.0,0.0
598,0.0,0.0,0.0,0.0,0.0,0.0,0.0,0.0,0.0,351.0,177.0,0.0,0.0,0.0,0.0,0.0
599,0.0,0.0,0.0,0.0,0.0,0.0,0.0,0.0,0.0,0.0,528.0,0.0,0.0,0.0,0.0,0.0
600,0.0,0.0,0.0,0.0,0.0,18.0,0.0,0.0,0.0,27.0,0.0,0.0,0.0,0.0,231.00000000000003,0.0
601,0.0,0.0,0.0,0.0,0.0,0.0,0.0,0.0,0.0,0.0,96.0,0.0,0.0,0.0,432.0,0.0
602,0.0,0.0,0.0,0.0,0.0,0.0,0.0,330.0,0.0,0.0,0.0,0.0,0.0,0.0,0.0,0.0
603,0.0,0.0,0.0,0.0,0.0,0.0,0.0,114.0,0.0,363.0,51.0,0.0,0.0,0.0,0.0,0.0
604,0.0,247.5,0.0,0.0,0.0,0.0,0.0,0.0,0.0,0.0,0.0,0.0,0.0,0.0,0.0,0.0
605,0.0,0.0,0.0,0.0,0.0,0.0,0.0,0.0,337.5,0.0,190.5,0.0,0.0,0.0,0.0,0.0
606,432.0,0.0,0.0,0.0,0.0,0.0,0.0,0.0,0.0,0.0,96.0,0.0,0.0,0.0,0.0,0.0
607,0.0,0.0,0.0,0.0,0.0,0.0,0.0,0.0,0.0,0.0,114.0,0.0,0.0,0.0,414.0,0.0
608,420.0,0.0,0.0,0.0,0.0,0.0,0.0,0.0,0.0,0.0,108.0,0.0,0.0,0.0,0.0,0.0
609,0.0,0.0,0.0,0.0,0.0,432.0,0.0,0.0,0.0,0.0,96.0,0.0,0.0,0.0,0.0,0.0
610,0.0,384.0,0.0,0.0,0.0,0.0,0.0,0.0,0.0,0.0,144.0,0.0,0.0,0.0,0.0,0.0
611,0.0,0.0,0.0,0.0,0.0,0.0,0.0,0.0,0.0,504.0,0.0,0.0,0.0,0.0,0.0,0.0
612,0.0,0.0,0.0,0.0,0.0,0.0,0.0,0.0,0.0,0.0,112.5,0.0,433.5,0.0,0.0,0.0
613,0.0,0.0,0.0,0.0,0.0,0.0,30.0,0.0,0.0,0.0,279.00000000000006,0.0,225.0,0.0,0.0,0.0
614,0.0,0.0,0.0,0.0,0.0,0.0,0.0,0.0,0.0,0.0,126.0,0.0,402.0,0.0,0.0,0.0
615,0.0,0.0,0.0,0.0,0.0,0.0,0.0,0.0,390.0,0.0,138.0,0.0,0.0,0.0,0.0,0.0
616,0.0,0.0,0.0,0.0,0.0,0.0,0.0,0.0,0.0,0.0,528.0,0.0,0.0,0.0,0.0,303.0
617,0.0,0.0,0.0,0.0,0.0,201.0,72.0,0.0,0.0,0.0,189.0,0.0,0.0,0.0,66.0,0.0
618,360.0,0.0,0.0,0.0,0.0,0.0,0.0,0.0,0.0,0.0,168.0,0.0,0.0,0.0,0.0,0.0
619,0.0,0.0,0.0,0.0,426.0,0.0,0.0,0.0,0.0,0.0,102.0,0.0,0.0,0.0,0.0,0.0
620,0.0,0.0,0.0,0.0,0.0,0.0,0.0,0.0,0.0,360.0,192.0,0.0,0.0,0.0,0.0,0.0
621,480.0,0.0,0.0,0.0,0.0,0.0,0.0,0.0,0.0,0.0,96.0,0.0,0.0,0.0,0.0,0.0
622,0.0,0.0,0.0,0.0,0.0,0.0,447.0,0.0,0.0,0.0,96.0,0.0,0.0,0.0,0.0,0.0
623,168.0,0.0,0.0,0.0,0.0,0.0,0.0,0.0,0.0,0.0,48.0,0.0,0.0,0.0,0.0,0.0
624,0.0,0.0,0.0,0.0,0.0,12.0,0.0,0.0,420.0,0.0,96.0,0.0,0.0,0.0,0.0,0.0
625,0.0,0.0,0.0,0.0,0.0,0.0,0.0,0.0,393.0,0.0,141.0,0.0,0.0,0.0,0.0,0.0
626,432.0,0.0,0.0,0.0,0.0,0.0,0.0,0.0,0.0,0.0,96.0,0.0,0.0,0.0,0.0,0.0
627,0.0,0.0,0.0,0.0,0.0,0.0,0.0,0.0,0.0,0.0,192.0,0.0,336.0,0.0,0.0,0.0
628,0.0,0.0,0.0,0.0,0.0,0.0,0.0,0.0,0.0,79.5,448.5,0.0,0.0,0.0,0.0,0.0
629,432.0,0.0,0.0,0.0,0.0,0.0,0.0,0.0,0.0,0.0,96.0,0.0,0.0,0.0,0.0,0.0
630,0.0,0.0,0.0,0.0,0.0,0.0,321.0,0.0,0.0,0.0,207.0,0.0,0.0,0.0,0.0,0.0
631,0.0,0.0,0.0,0.0,0.0,0.0,0.0,0.0,432.0,0.0,96.0,0.0,0.0,0.0,0.0,0.0
632,0.0,0.0,0.0,0.0,432.0,0.0,0.0,0.0,0.0,0.0,96.0,0.0,0.0,0.0,0.0,0.0
633,0.0,0.0,0.0,0.0,0.0,0.0,0.0,0.0,397.5,0.0,130.5,0.0,0.0,0.0,0.0,0.0
634,0.0,0.0,0.0,0.0,0.0,0.0,0.0,0.0,432.0,0.0,96.0,0.0,0.0,0.0,0.0,0.0
635,0.0,0.0,0.0,0.0,0.0,0.0,0.0,0.0,0.0,0.0,534.0,0.0,0.0,0.0,0.0,0.0
636,0.0,0.0,0.0,0.0,0.0,0.0,0.0,6.0,0.0,0.0,78.0,0.0,0.0,0.0,444.0,0.0
637,238.5,0.0,0.0,0.0,0.0,0.0,0.0,0.0,0.0,0.0,292.5,0.0,0.0,0.0,0.0,184.5
638,0.0,0.0,0.0,0.0,0.0,0.0,0.0,0.0,250.5,0.0,0.0,0.0,0.0,0.0,0.0,0.0
639,432.0,0.0,0.0,0.0,0.0,0.0,0.0,0.0,0.0,0.0,96.0,0.0,0.0,0.0,0.0,0.0
640,318.0,0.0,0.0,0.0,0.0,0.0,0.0,0.0,0.0,0.0,210.0,0.0,0.0,0.0,0.0,39.0
641,0.0,0.0,0.0,0.0,0.0,0.0,0.0,0.0,432.0,0.0,96.0,0.0,0.0,0.0,0.0,0.0
642,0.0,0.0,0.0,0.0,0.0,0.0,0.0,0.0,0.0,0.0,120.0,0.0,0.0,0.0,408.0,0.0
643,0.0,0.0,0.0,0.0,0.0,0.0,36.0,0.0,0.0,0.0,192.0,0.0,0.0,0.0,300.0,0.0
644,0.0,0.0,0.0,0.0,0.0,0.0,0.0,0.0,0.0,432.0,96.0,0.0,0.0,0.0,0.0,0.0
645,0.0,0.0,0.0,0.0,0.0,0.0,438.0,0.0,0.0,0.0,90.0,0.0,0.0,0.0,0.0,0.0
646,0.0,0.0,0.0,0.0,0.0,0.0,0.0,0.0,0.0,0.0,528.0,0.0,0.0,0.0,0.0,144.0
647,0.0,0.0,0.0,0.0,0.0,0.0,0.0,0.0,0.0,0.0,138.0,0.0,0.0,390.0,0.0,0.0
648,0.0,0.0,0.0,0.0,399.0,0.0,0.0,0.0,0.0,0.0,0.0,0.0,0.0,0.0,0.0,0.0
649,0.0,0.0,0.0,0.0,0.0,0.0,0.0,0.0,0.0,405.0,123.0,0.0,0.0,0.0,0.0,0.0
650,0.0,0.0,0.0,0.0,0.0,0.0,0.0,0.0,138.0,0.0,390.0,0.0,0.0,0.0,0.0,0.0
651,360.0,0.0,0.0,0.0,0.0,0.0,0.0,0.0,0.0,0.0,168.0,0.0,0.0,0.0,0.0,0.0
652,0.0,0.0,0.0,0.0,0.0,432.0,0.0,0.0,0.0,0.0,96.0,0.0,0.0,0.0,0.0,0.0
653,0.0,0.0,0.0,0.0,0.0,0.0,273.0,0.0,0.0,0.0,15.0,0.0,0.0,0.0,0.0,0.0
654,0.0,0.0,0.0,0.0,0.0,0.0,0.0,0.0,447.0,0.0,81.0,0.0,0.0,0.0,0.0,9.0
655,0.0,0.0,0.0,0.0,0.0,0.0,0.0,0.0,0.0,0.0,96.0,0.0,432.0,0.0,0.0,0.0
656,0.0,0.0,0.0,0.0,0.0,0.0,0.0,0.0,0.0,0.0,142.5,0.0,0.0,333.0,0.0,0.0
657,0.0,0.0,0.0,0.0,0.0,0.0,0.0,0.0,0.0,0.0,528.0,0.0,0.0,0.0,0.0,0.0
658,0.0,0.0,0.0,0.0,0.0,0.0,0.0,0.0,0.0,0.0,150.0,0.0,0.0,378.0,0.0,0.0
659,0.0,0.0,0.0,0.0,0.0,0.0,0.0,0.0,0.0,0.0,144.0,0.0,0.0,390.0,0.0,0.0
660,0.0,0.0,0.0,0.0,0.0,0.0,0.0,0.0,0.0,0.0,96.0,0.0,0.0,432.0,0.0,0.0
661,0.0,0.0,0.0,0.0,0.0,0.0,0.0,0.0,0.0,0.0,132.0,0.0,0.0,318.0,0.0,0.0
662,0.0,0.0,0.0,0.0,0.0,0.0,0.0,0.0,0.0,0.0,120.0,0.0,0.0,408.0,0.0,0.0
663,0.0,0.0,0.0,0.0,0.0,0.0,0.0,0.0,0.0,0.0,48.0,0.0,0.0,480.0,0.0,0.0
664,0.0,0.0,0.0,0.0,0.0,0.0,0.0,0.0,0.0,0.0,100.5,0.0,0.0,427.5,0.0,0.0
665,0.0,0.0,0.0,0.0,0.0,0.0,0.0,0.0,0.0,0.0,51.0,0.0,0.0,540.0,0.0,3.0000000000000004
666,0.0,0.0,0.0,0.0,0.0,0.0,0.0,0.0,0.0,0.0,96.0,0.0,0.0,432.0,0.0,0.0
667,0.0,0.0,0.0,0.0,0.0,0.0,0.0,0.0,0.0,0.0,102.0,0.0,0.0,426.0,0.0,33.0
668,0.0,0.0,0.0,0.0,0.0,0.0,0.0,0.0,0.0,0.0,111.0,0.0,0.0,420.0,0.0,9.0
669,0.0,0.0,0.0,0.0,0.0,0.0,0.0,0.0,0.0,0.0,222.0,0.0,0.0,306.0,0.0,0.0
670,0.0,0.0,0.0,0.0,0.0,0.0,0.0,0.0,0.0,0.0,96.0,0.0,0.0,432.0,0.0,0.0
671,0.0,0.0,0.0,0.0,0.0,0.0,0.0,0.0,0.0,0.0,414.0,0.0,0.0,114.0,0.0,0.0
672,0.0,0.0,0.0,0.0,0.0,0.0,0.0,0.0,0.0,0.0,96.0,0.0,0.0,432.0,0.0,0.0
673,0.0,0.0,0.0,0.0,0.0,0.0,0.0,0.0,0.0,0.0,87.0,0.0,0.0,339.0,0.0,0.0
674,0.0,0.0,0.0,0.0,0.0,0.0,0.0,0.0,0.0,0.0,33.0,0.0,0.0,552.0,0.0,27.0
675,0.0,0.0,0.0,0.0,0.0,0.0,0.0,0.0,0.0,0.0,60.0,0.0,0.0,474.0,0.0,0.0
676,0.0,0.0,0.0,0.0,0.0,0.0,0.0,0.0,0.0,0.0,96.0,0.0,0.0,432.0,0.0,0.0
677,0.0,0.0,0.0,0.0,0.0,0.0,0.0,0.0,0.0,0.0,132.0,0.0,0.0,396.0,0.0,0.0
678,0.0,0.0,0.0,0.0,0.0,0.0,0.0,0.0,0.0,0.0,162.0,0.0,0.0,366.0,0.0,0.0
679,0.0,0.0,0.0,0.0,0.0,0.0,0.0,0.0,0.0,0.0,132.0,0.0,0.0,396.0,0.0,0.0
680,0.0,0.0,0.0,0.0,0.0,0.0,0.0,0.0,0.0,0.0,528.0,0.0,0.0,0.0,0.0,0.0
681,0.0,0.0,0.0,0.0,0.0,0.0,0.0,0.0,0.0,0.0,102.0,0.0,0.0,426.0,0.0,0.0
682,0.0,0.0,0.0,0.0,0.0,0.0,0.0,0.0,0.0,0.0,96.0,0.0,0.0,442.5,0.0,0.0
683,0.0,0.0,0.0,0.0,0.0,0.0,0.0,0.0,0.0,0.0,150.0,0.0,0.0,378.0,0.0,0.0
684,0.0,0.0,0.0,0.0,0.0,0.0,0.0,0.0,0.0,0.0,96.0,0.0,0.0,460.5,0.0,0.0
685,0.0,0.0,0.0,0.0,0.0,0.0,0.0,0.0,0.0,0.0,144.0,0.0,0.0,384.0,0.0,0.0
686,0.0,0.0,0.0,0.0,0.0,0.0,0.0,0.0,0.0,0.0,102.0,0.0,0.0,426.0,0.0,0.0
687,0.0,0.0,0.0,0.0,0.0,0.0,0.0,0.0,0.0,0.0,96.0,0.0,0.0,477.0,0.0,0.0
688,0.0,0.0,0.0,0.0,0.0,0.0,0.0,0.0,0.0,0.0,96.0,0.0,0.0,432.0,0.0,0.0
689,0.0,0.0,0.0,0.0,0.0,0.0,0.0,420.0,0.0,0.0,108.0,0.0,0.0,0.0,0.0,0.0
690,0.0,0.0,0.0,60.0,0.0,0.0,0.0,0.0,0.0,0.0,180.0,0.0,288.0,0.0,0.0,0.0
691,0.0,0.0,0.0,0.0,0.0,0.0,0.0,0.0,391.5,0.0,136.5,0.0,0.0,0.0,0.0,0.0
692,0.0,0.0,0.0,0.0,0.0,0.0,0.0,0.0,0.0,0.0,174.0,0.0,0.0,0.0,354.0,0.0
693,0.0,0.0,0.0,0.0,0.0,0.0,0.0,0.0,480.0,0.0,48.0,0.0,0.0,0.0,0.0,0.0
694,0.0,0.0,0.0,0.0,0.0,0.0,0.0,0.0,0.0,0.0,202.5,0.0,0.0,325.5,0.0,0.0
695,0.0,0.0,0.0,0.0,0.0,0.0,0.0,0.0,450.0,0.0,96.00000000000001,0.0,0.0,0.0,0.0,0.0
696,0.0,0.0,0.0,0.0,0.0,0.0,0.0,0.0,0.0,0.0,294.0,0.0,0.0,234.0,0.0,0.0
697,432.0,0.0,0.0,0.0,0.0,0.0,0.0,0.0,0.0,0.0,96.0,0.0,0.0,0.0,0.0,0.0
698,0.0,0.0,0.0,0.0,0.0,0.0,0.0,0.0,0.0,0.0,96.0,0.0,432.0,0.0,0.0,0.0
699,384.0,0.0,0.0,0.0,0.0,0.0,0.0,0.0,0.0,0.0,144.0,0.0,0.0,0.0,0.0,0.0
700,0.0,0.0,0.0,0.0,0.0,0.0,0.0,0.0,0.0,0.0,528.0,0.0,0.0,0.0,0.0,0.0
701,0.0,0.0,0.0,0.0,0.0,0.0,0.0,0.0,0.0,0.0,114.0,0.0,414.0,0.0,0.0,0.0
702,0.0,0.0,0.0,0.0,0.0,0.0,0.0,0.0,0.0,0.0,186.0,0.0,342.0,0.0,0.0,0.0
703,0.0,0.0,0.0,0.0,0.0,0.0,0.0,0.0,0.0,0.0,120.0,0.0,408.0,0.0,0.0,0.0
704,0.0,0.0,0.0,0.0,0.0,0.0,0.0,0.0,0.0,0.0,96.0,0.0,432.0,0.0,0.0,0.0
705,0.0,0.0,0.0,0.0,0.0,0.0,0.0,0.0,0.0,0.0,96.0,0.0,432.0,0.0,0.0,0.0
706,0.0,0.0,0.0,0.0,0.0,0.0,0.0,0.0,504.0,0.0,24.0,0.0,0.0,0.0,0.0,0.0
707,0.0,0.0,0.0,0.0,0.0,0.0,0.0,0.0,0.0,432.0,96.0,0.0,0.0,0.0,0.0,0.0
708,0.0,0.0,0.0,0.0,396.0,0.0,0.0,0.0,0.0,0.0,0.0,0.0,0.0,0.0,0.0,0.0
709,0.0,0.0,0.0,0.0,0.0,0.0,192.0,0.0,0.0,0.0,0.0,0.0,0.0,0.0,0.0,0.0
710,0.0,0.0,0.0,0.0,0.0,0.0,0.0,0.0,397.5,0.0,130.5,0.0,0.0,0.0,0.0,0.0
711,432.0,0.0,0.0,0.0,0.0,0.0,0.0,0.0,0.0,0.0,96.0,0.0,0.0,0.0,0.0,0.0
712,432.0,0.0,0.0,0.0,0.0,0.0,0.0,0.0,0.0,0.0,96.0,0.0,0.0,0.0,0.0,0.0
713,0.0,0.0,0.0,0.0,0.0,0.0,0.0,0.0,0.0,0.0,528.0,0.0,0.0,0.0,0.0,0.0
714,0.0,0.0,0.0,0.0,0.0,0.0,0.0,0.0,0.0,0.0,528.0,0.0,0.0,0.0,0.0,0.0
715,0.0,9.0,0.0,0.0,66.0,0.0,0.0,0.0,0.0,0.0,261.0,0.0,0.0,0.0,0.0,165.0
716,0.0,0.0,0.0,0.0,0.0,0.0,0.0,0.0,420.0,0.0,108.0,0.0,0.0,0.0,0.0,0.0
717,0.0,0.0,0.0,0.0,0.0,0.0,0.0,0.0,0.0,0.0,528.0,0.0,0.0,0.0,0.0,0.0
718,0.0,0.0,0.0,0.0,0.0,0.0,0.0,0.0,0.0,0.0,528.0,0.0,0.0,0.0,0.0,0.0
719,0.0,0.0,0.0,0.0,0.0,0.0,0.0,87.0,0.0,198.0,21.0,0.0,0.0,0.0,0.0,21.0
720,0.0,0.0,0.0,0.0,0.0,0.0,0.0,0.0,0.0,0.0,144.0,0.0,0.0,384.0,0.0,0.0
721,0.0,0.0,0.0,0.0,0.0,0.0,0.0,0.0,186.0,69.0,273.0,0.0,0.0,0.0,0.0,0.0
722,0.0,0.0,0.0,0.0,0.0,0.0,60.0,0.0,0.0,0.0,138.0,0.0,0.0,0.0,330.0,0.0
723,0.0,0.0,0.0,0.0,0.0,0.0,0.0,0.0,363.0,0.0,165.0,0.0,0.0,0.0,0.0,0.0
724,0.0,0.0,0.0,0.0,0.0,0.0,0.0,0.0,0.0,0.0,528.0,0.0,0.0,0.0,0.0,0.0
725,0.0,402.0,0.0,0.0,0.0,0.0,0.0,0.0,0.0,0.0,0.0,0.0,0.0,0.0,0.0,0.0
726,0.0,0.0,0.0,0.0,0.0,0.0,0.0,0.0,0.0,174.0,30.0,0.0,0.0,0.0,0.0,0.0
727,0.0,408.0,0.0,0.0,0.0,0.0,0.0,0.0,0.0,0.0,96.0,0.0,24.0,0.0,0.0,0.0
728,0.0,0.0,0.0,0.0,0.0,0.0,0.0,3.0,0.0,0.0,528.0,0.0,0.0,0.0,0.0,0.0
729,0.0,288.0,0.0,0.0,0.0,0.0,0.0,0.0,0.0,0.0,0.0,0.0,0.0,0.0,0.0,0.0
730,0.0,0.0,0.0,0.0,0.0,0.0,0.0,0.0,0.0,0.0,528.0,0.0,0.0,0.0,0.0,0.0
731,0.0,0.0,0.0,0.0,0.0,0.0,0.0,0.0,0.0,0.0,528.0,0.0,0.0,0.0,0.0,0.0
732,0.0,0.0,0.0,0.0,0.0,0.0,0.0,0.0,0.0,0.0,528.0,0.0,0.0,0.0,0.0,0.0
733,0.0,0.0,0.0,0.0,0.0,0.0,0.0,0.0,0.0,396.0,132.0,0.0,0.0,0.0,0.0,0.0
734,0.0,0.0,0.0,0.0,0.0,0.0,0.0,0.0,0.0,0.0,636.0,0.0,0.0,0.0,0.0,0.0
735,0.0,0.0,0.0,0.0,0.0,0.0,0.0,0.0,0.0,0.0,528.0,0.0,0.0,0.0,0.0,0.0
736,0.0,0.0,0.0,0.0,0.0,0.0,0.0,0.0,0.0,0.0,528.0,0.0,0.0,0.0,0.0,330.0
737,0.0,0.0,0.0,0.0,0.0,0.0,0.0,0.0,36.0,0.0,528.0,0.0,0.0,0.0,0.0,0.0
738,0.0,0.0,0.0,0.0,0.0,0.0,0.0,0.0,48.0,0.0,528.0,0.0,0.0,0.0,0.0,0.0
739,0.0,0.0,0.0,0.0,0.0,0.0,0.0,0.0,0.0,0.0,528.0,0.0,0.0,0.0,0.0,6.0
740,0.0,0.0,0.0,0.0,0.0,0.0,0.0,240.0,0.0,0.0,288.0,0.0,0.0,0.0,0.0,0.0
741,0.0,0.0,0.0,0.0,0.0,0.0,0.0,0.0,0.0,0.0,528.0,0.0,0.0,0.0,0.0,0.0
742,0.0,0.0,0.0,0.0,0.0,0.0,0.0,0.0,0.0,0.0,189.0,0.0,0.0,339.0,0.0,0.0
743,459.0,0.0,0.0,0.0,0.0,0.0,0.0,0.0,0.0,0.0,69.0,0.0,0.0,0.0,0.0,0.0
744,0.0,0.0,0.0,0.0,0.0,0.0,0.0,12.000000000000002,0.0,0.0,516.0,0.0,0.0,0.0,0.0,201.00000000000003
745,0.0,0.0,0.0,0.0,0.0,0.0,0.0,0.0,0.0,0.0,528.0,0.0,0.0,0.0,0.0,0.0
746,0.0,0.0,0.0,0.0,0.0,0.0,0.0,0.0,0.0,0.0,552.0,0.0,0.0,0.0,0.0,0.0
747,0.0,0.0,0.0,0.0,0.0,0.0,0.0,0.0,0.0,0.0,528.0,0.0,0.0,0.0,0.0,0.0
748,3.0,0.0,0.0,0.0,0.0,0.0,0.0,0.0,0.0,0.0,516.0,0.0,9.0,0.0,0.0,282.0
749,0.0,0.0,0.0,0.0,0.0,0.0,426.0,0.0,0.0,0.0,102.0,0.0,0.0,0.0,0.0,0.0
750,0.0,0.0,0.0,0.0,0.0,0.0,0.0,0.0,0.0,0.0,576.0,0.0,0.0,0.0,0.0,11.999999999999998
751,0.0,0.0,0.0,0.0,0.0,0.0,0.0,0.0,0.0,0.0,213.0,0.0,0.0,0.0,0.0,0.0
752,0.0,0.0,0.0,0.0,0.0,0.0,0.0,0.0,0.0,0.0,588.0,0.0,0.0,0.0,0.0,0.0
753,0.0,0.0,0.0,0.0,0.0,0.0,0.0,0.0,0.0,0.0,600.0,0.0,0.0,0.0,0.0,0.0
754,0.0,0.0,0.0,0.0,0.0,0.0,0.0,0.0,0.0,0.0,528.0,0.0,0.0,0.0,0.0,0.0
755,0.0,0.0,0.0,0.0,0.0,0.0,0.0,0.0,0.0,0.0,546.0,0.0,0.0,0.0,0.0,0.0
756,0.0,0.0,0.0,0.0,0.0,0.0,0.0,3.0,0.0,0.0,528.0,0.0,0.0,0.0,0.0,0.0
757,0.0,0.0,0.0,0.0,0.0,0.0,0.0,0.0,0.0,0.0,540.0,0.0,0.0,0.0,0.0,0.0
758,0.0,0.0,0.0,0.0,0.0,0.0,0.0,0.0,0.0,0.0,534.0,0.0,0.0,0.0,0.0,0.0
759,0.0,0.0,0.0,0.0,0.0,0.0,0.0,0.0,526.5,0.0,1.5,0.0,0.0,0.0,0.0,0.0
760,0.0,0.0,0.0,0.0,0.0,0.0,0.0,0.0,0.0,432.0,96.0,0.0,0.0,0.0,0.0,0.0
761,0.0,0.0,0.0,42.0,0.0,0.0,0.0,0.0,0.0,0.0,108.0,0.0,378.0,0.0,0.0,0.0
762,0.0,0.0,0.0,0.0,0.0,0.0,0.0,0.0,0.0,0.0,168.0,0.0,0.0,360.0,0.0,0.0
763,0.0,0.0,0.0,0.0,0.0,0.0,0.0,0.0,420.0,0.0,108.0,0.0,0.0,0.0,0.0,0.0
764,0.0,0.0,0.0,93.0,0.0,0.0,0.0,0.0,0.0,0.0,0.0,0.0,0.0,0.0,0.0,0.0
765,0.0,0.0,0.0,0.0,0.0,0.0,0.0,0.0,0.0,0.0,528.0,0.0,0.0,0.0,0.0,0.0
766,400.5,0.0,0.0,0.0,0.0,0.0,0.0,0.0,0.0,0.0,127.5,0.0,0.0,0.0,0.0,0.0
767,0.0,0.0,0.0,0.0,0.0,0.0,0.0,0.0,432.0,0.0,96.0,0.0,0.0,0.0,0.0,0.0
768,399.0,0.0,0.0,0.0,0.0,0.0,0.0,0.0,0.0,0.0,129.0,0.0,0.0,0.0,0.0,0.0
769,432.0,0.0,0.0,0.0,0.0,0.0,0.0,0.0,0.0,0.0,96.0,0.0,0.0,0.0,0.0,0.0
770,0.0,0.0,0.0,0.0,0.0,0.0,648.0,0.0,0.0,0.0,96.0,0.0,0.0,0.0,0.0,0.0
771,0.0,0.0,0.0,0.0,0.0,0.0,408.0,0.0,0.0,0.0,120.0,0.0,0.0,0.0,0.0,0.0
772,0.0,0.0,0.0,0.0,276.0,0.0,0.0,0.0,0.0,0.0,120.00000000000001,0.0,0.0,0.0,0.0,33.0
773,0.0,0.0,0.0,0.0,399.0,0.0,0.0,0.0,0.0,0.0,129.0,0.0,0.0,0.0,0.0,0.0
774,0.0,0.0,0.0,0.0,408.0,0.0,0.0,0.0,0.0,0.0,120.0,0.0,0.0,0.0,0.0,0.0
775,0.0,0.0,0.0,0.0,384.0,0.0,0.0,0.0,0.0,0.0,144.0,0.0,0.0,0.0,0.0,0.0
776,0.0,0.0,0.0,0.0,365.99999999999994,0.0,0.0,0.0,0.0,0.0,162.00000000000003,0.0,0.0,0.0,0.0,24.0
777,0.0,0.0,0.0,0.0,432.0,0.0,0.0,0.0,0.0,0.0,96.0,0.0,0.0,0.0,0.0,0.0
778,0.0,0.0,0.0,0.0,270.0,0.0,162.0,0.0,0.0,0.0,96.0,0.0,0.0,0.0,0.0,0.0
779,0.0,0.0,0.0,0.0,432.0,0.0,0.0,0.0,0.0,0.0,96.0,0.0,0.0,0.0,0.0,0.0
780,0.0,0.0,0.0,0.0,183.0,0.0,0.0,0.0,0.0,0.0,345.0,0.0,0.0,0.0,0.0,0.0
781,0.0,0.0,0.0,0.0,432.0,0.0,0.0,0.0,0.0,0.0,96.0,0.0,0.0,0.0,0.0,0.0
782,0.0,0.0,0.0,0.0,417.0,0.0,0.0,0.0,0.0,0.0,111.0,0.0,0.0,0.0,0.0,0.0
783,0.0,0.0,0.0,0.0,432.0,0.0,0.0,0.0,0.0,0.0,96.0,0.0,0.0,0.0,0.0,0.0
784,0.0,0.0,0.0,0.0,271.5,0.0,0.0,0.0,0.0,0.0,0.0,0.0,0.0,0.0,0.0,0.0
785,0.0,0.0,0.0,0.0,357.0,0.0,0.0,0.0,0.0,0.0,171.0,0.0,0.0,0.0,0.0,0.0
786,0.0,0.0,0.0,0.0,234.0,0.0,0.0,0.0,0.0,0.0,294.0,0.0,0.0,0.0,0.0,0.0
787,0.0,0.0,0.0,0.0,414.0,0.0,0.0,0.0,0.0,0.0,114.0,0.0,0.0,0.0,0.0,0.0
788,0.0,0.0,0.0,444.0,0.0,0.0,0.0,0.0,0.0,0.0,84.0,0.0,0.0,0.0,0.0,0.0
789,0.0,0.0,0.0,0.0,414.0,0.0,0.0,0.0,0.0,0.0,114.0,0.0,0.0,0.0,0.0,0.0
790,342.0,0.0,0.0,0.0,0.0,0.0,0.0,0.0,0.0,0.0,138.0,0.0,0.0,0.0,0.0,0.0
791,0.0,333.0,0.0,0.0,0.0,0.0,0.0,0.0,0.0,0.0,195.0,0.0,0.0,0.0,0.0,0.0
792,0.0,432.0,0.0,0.0,0.0,0.0,0.0,0.0,0.0,0.0,96.0,0.0,0.0,0.0,0.0,0.0
793,0.0,430.5,0.0,0.0,0.0,0.0,0.0,0.0,0.0,0.0,97.5,0.0,0.0,0.0,0.0,0.0
794,0.0,432.0,0.0,0.0,0.0,0.0,0.0,0.0,0.0,0.0,96.0,0.0,0.0,0.0,0.0,0.0
795,0.0,0.0,0.0,0.0,364.5,0.0,0.0,0.0,0.0,0.0,163.5,0.0,0.0,0.0,0.0,49.5
796,192.0,0.0,0.0,0.0,0.0,0.0,0.0,0.0,0.0,0.0,336.0,0.0,0.0,0.0,0.0,0.0
797,0.0,432.0,0.0,0.0,0.0,0.0,0.0,0.0,0.0,0.0,96.0,0.0,0.0,0.0,0.0,0.0
798,0.0,0.0,0.0,0.0,383.99999999999994,0.0,0.0,0.0,0.0,0.0,144.0,0.0,0.0,0.0,0.0,90.0
799,0.0,432.0,0.0,0.0,0.0,0.0,0.0,0.0,0.0,0.0,96.0,0.0,0.0,0.0,0.0,0.0
800,432.0,0.0,0.0,0.0,0.0,0.0,0.0,0.0,0.0,0.0,96.0,0.0,0.0,0.0,0.0,0.0
801,459.0,0.0,0.0,0.0,0.0,0.0,0.0,0.0,0.0,0.0,96.0,0.0,0.0,0.0,0.0,0.0
802,0.0,0.0,0.0,432.0,0.0,0.0,0.0,0.0,0.0,0.0,96.0,0.0,0.0,0.0,0.0,0.0
803,0.0,0.0,0.0,0.0,165.0,0.0,0.0,0.0,0.0,0.0,0.0,0.0,0.0,0.0,0.0,0.0
804,0.0,432.0,0.0,0.0,0.0,0.0,0.0,0.0,0.0,0.0,96.0,0.0,0.0,0.0,0.0,0.0
805,0.0,432.0,0.0,0.0,0.0,0.0,0.0,0.0,0.0,0.0,96.0,0.0,0.0,0.0,0.0,0.0
806,414.0,0.0,0.0,0.0,0.0,0.0,0.0,0.0,0.0,0.0,114.0,0.0,0.0,0.0,0.0,0.0
807,0.0,0.0,0.0,0.0,408.0,0.0,0.0,0.0,0.0,0.0,120.0,0.0,0.0,0.0,0.0,0.0
808,0.0,0.0,0.0,0.0,384.0,0.0,0.0,0.0,0.0,0.0,144.0,0.0,0.0,0.0,0.0,0.0
809,0.0,429.0,0.0,0.0,0.0,0.0,0.0,0.0,0.0,0.0,99.0,0.0,0.0,0.0,0.0,3.0
810,0.0,0.0,0.0,0.0,0.0,0.0,0.0,0.0,0.0,0.0,222.0,0.0,0.0,306.0,0.0,0.0
811,0.0,0.0,0.0,0.0,0.0,0.0,0.0,0.0,411.0,0.0,117.0,0.0,0.0,0.0,0.0,0.0
812,0.0,414.0,0.0,0.0,0.0,0.0,0.0,0.0,0.0,0.0,114.0,0.0,0.0,0.0,0.0,0.0
813,0.0,0.0,0.0,0.0,0.0,0.0,0.0,0.0,435.0,0.0,93.0,0.0,0.0,0.0,0.0,0.0
814,0.0,0.0,0.0,0.0,0.0,0.0,0.0,0.0,0.0,0.0,0.0,0.0,0.0,288.0,0.0,0.0
815,0.0,0.0,0.0,0.0,0.0,0.0,0.0,0.0,198.0,0.0,12.0,0.0,0.0,0.0,0.0,0.0
816,0.0,0.0,0.0,0.0,0.0,0.0,462.0,0.0,0.0,0.0,0.0,0.0,0.0,0.0,0.0,0.0
817,0.0,0.0,0.0,0.0,0.0,0.0,0.0,0.0,0.0,0.0,528.0,0.0,0.0,0.0,0.0,0.0
818,402.0,0.0,0.0,0.0,0.0,0.0,0.0,0.0,0.0,0.0,192.00000000000003,0.0,0.0,0.0,0.0,0.0
819,0.0,0.0,0.0,0.0,0.0,0.0,465.0,0.0,0.0,0.0,24.0,0.0,0.0,0.0,0.0,0.0
820,0.0,0.0,0.0,0.0,0.0,0.0,0.0,0.0,0.0,0.0,150.0,0.0,0.0,378.0,0.0,0.0
821,0.0,0.0,0.0,0.0,0.0,0.0,432.0,0.0,0.0,0.0,96.0,0.0,0.0,0.0,0.0,0.0
822,366.0,0.0,0.0,0.0,0.0,0.0,0.0,0.0,0.0,0.0,162.0,0.0,0.0,0.0,0.0,0.0
823,0.0,93.0,0.0,0.0,277.5,0.0,0.0,0.0,0.0,0.0,157.5,0.0,0.0,0.0,0.0,0.0
824,0.0,0.0,0.0,0.0,0.0,336.0,0.0,0.0,0.0,0.0,192.0,0.0,0.0,0.0,0.0,0.0
825,0.0,0.0,0.0,0.0,0.0,0.0,162.0,0.0,0.0,0.0,0.0,0.0,0.0,0.0,0.0,0.0
826,0.0,0.0,0.0,0.0,0.0,0.0,45.0,0.0,0.0,0.0,0.0,0.0,0.0,0.0,0.0,0.0
827,0.0,0.0,0.0,0.0,0.0,0.0,0.0,0.0,0.0,0.0,528.0,0.0,0.0,0.0,0.0,0.0
828,0.0,0.0,0.0,0.0,0.0,0.0,0.0,0.0,0.0,0.0,144.0,0.0,0.0,0.0,0.0,0.0
829,0.0,0.0,0.0,0.0,0.0,0.0,0.0,0.0,0.0,0.0,0.0,0.0,0.0,396.0,0.0,0.0
830,0.0,66.0,0.0,0.0,0.0,0.0,0.0,0.0,0.0,250.5,96.0,0.0,0.0,0.0,115.5,0.0
831,0.0,0.0,0.0,0.0,0.0,0.0,0.0,0.0,0.0,0.0,96.0,0.0,432.0,0.0,0.0,0.0
832,0.0,0.0,0.0,0.0,0.0,0.0,0.0,336.0,0.0,0.0,192.0,0.0,0.0,0.0,0.0,0.0
833,0.0,0.0,0.0,0.0,0.0,0.0,0.0,0.0,0.0,0.0,165.0,0.0,0.0,363.0,0.0,0.0
834,0.0,0.0,0.0,0.0,0.0,0.0,0.0,0.0,0.0,0.0,255.0,0.0,273.0,0.0,0.0,0.0
835,384.0,0.0,0.0,0.0,0.0,0.0,0.0,0.0,0.0,0.0,144.0,0.0,0.0,0.0,0.0,0.0
836,0.0,0.0,0.0,0.0,0.0,0.0,0.0,0.0,0.0,0.0,96.0,0.0,0.0,432.0,0.0,0.0
837,432.0,0.0,0.0,0.0,0.0,0.0,0.0,0.0,0.0,0.0,96.0,0.0,0.0,0.0,0.0,0.0
838,442.5,0.0,0.0,0.0,0.0,0.0,0.0,0.0,0.0,0.0,96.0,0.0,0.0,0.0,0.0,0.0
839,0.0,0.0,0.0,0.0,52.5,0.0,31.5,67.5,33.0,121.5,222.0,0.0,0.0,0.0,0.0,6.0
840,0.0,0.0,0.0,0.0,0.0,0.0,0.0,0.0,444.0,0.0,84.0,0.0,0.0,0.0,0.0,0.0
841,0.0,7.5,0.0,0.0,0.0,0.0,0.0,0.0,0.0,0.0,0.0,0.0,0.0,0.0,0.0,0.0
842,0.0,0.0,0.0,0.0,0.0,0.0,0.0,6.0,0.0,0.0,96.0,0.0,0.0,0.0,0.0,0.0
843,429.0,0.0,0.0,0.0,0.0,0.0,0.0,0.0,0.0,0.0,99.0,0.0,0.0,0.0,0.0,0.0
844,0.0,0.0,0.0,0.0,0.0,0.0,0.0,0.0,0.0,0.0,174.0,0.0,0.0,354.0,0.0,0.0
845,0.0,0.0,0.0,0.0,0.0,0.0,0.0,0.0,0.0,426.0,102.0,0.0,0.0,0.0,0.0,6.0
846,0.0,0.0,0.0,0.0,0.0,0.0,0.0,0.0,0.0,0.0,528.0,0.0,0.0,0.0,0.0,108.0
847,0.0,0.0,0.0,0.0,0.0,0.0,0.0,0.0,0.0,0.0,168.0,0.0,0.0,360.0,0.0,0.0
848,0.0,0.0,0.0,0.0,0.0,0.0,0.0,0.0,264.0,0.0,0.0,0.0,0.0,0.0,0.0,0.0
849,0.0,0.0,0.0,121.5,0.0,0.0,0.0,0.0,0.0,0.0,0.0,0.0,0.0,0.0,0.0,0.0
850,0.0,228.0,0.0,0.0,0.0,0.0,0.0,0.0,0.0,0.0,30.0,0.0,0.0,0.0,0.0,0.0
851,0.0,0.0,0.0,0.0,0.0,0.0,0.0,381.0,0.0,0.0,147.0,0.0,0.0,0.0,0.0,0.0
852,0.0,0.0,0.0,0.0,0.0,0.0,0.0,0.0,0.0,0.0,102.0,0.0,0.0,426.0,0.0,0.0
853,0.0,0.0,0.0,0.0,0.0,0.0,0.0,0.0,0.0,0.0,205.5,0.0,0.0,322.5,0.0,0.0
854,432.0,0.0,0.0,0.0,0.0,0.0,0.0,0.0,0.0,0.0,96.0,0.0,0.0,0.0,0.0,0.0
855,0.0,0.0,0.0,0.0,0.0,0.0,0.0,0.0,0.0,0.0,528.0,0.0,0.0,0.0,0.0,0.0
856,0.0,0.0,0.0,432.0,0.0,0.0,0.0,0.0,0.0,0.0,96.0,0.0,0.0,0.0,0.0,0.0
857,468.0,0.0,0.0,0.0,0.0,0.0,0.0,0.0,0.0,0.0,63.0,0.0,0.0,0.0,0.0,0.0
858,0.0,0.0,0.0,0.0,0.0,0.0,0.0,0.0,382.5,0.0,145.5,0.0,0.0,0.0,0.0,0.0
859,0.0,0.0,0.0,0.0,0.0,360.0,0.0,0.0,0.0,0.0,0.0,0.0,0.0,0.0,0.0,0.0
860,0.0,0.0,0.0,0.0,0.0,0.0,0.0,0.0,0.0,0.0,48.0,0.0,0.0,192.0,0.0,0.0
861,0.0,0.0,0.0,0.0,0.0,261.0,0.0,0.0,0.0,0.0,267.0,0.0,0.0,0.0,0.0,114.0
862,0.0,0.0,0.0,432.0,0.0,0.0,0.0,0.0,0.0,0.0,96.0,0.0,0.0,0.0,0.0,0.0
863,0.0,0.0,0.0,0.0,0.0,0.0,0.0,0.0,153.0,0.0,135.0,0.0,0.0,0.0,0.0,0.0
864,0.0,432.0,0.0,0.0,0.0,0.0,0.0,0.0,0.0,0.0,0.0,0.0,0.0,0.0,0.0,0.0
865,0.0,0.0,0.0,0.0,0.0,0.0,432.0,0.0,0.0,0.0,96.0,0.0,0.0,0.0,0.0,0.0
866,0.0,0.0,0.0,0.0,0.0,0.0,0.0,0.0,396.0,0.0,132.0,0.0,0.0,0.0,0.0,0.0
867,0.0,0.0,0.0,0.0,390.0,0.0,0.0,0.0,0.0,0.0,144.0,0.0,0.0,0.0,0.0,0.0
868,0.0,0.0,0.0,0.0,0.0,0.0,0.0,0.0,0.0,0.0,96.0,0.0,0.0,435.0,0.0,0.0
869,0.0,0.0,0.0,0.0,0.0,0.0,0.0,0.0,336.0,0.0,192.0,0.0,0.0,0.0,0.0,0.0
870,0.0,0.0,0.0,0.0,0.0,0.0,0.0,0.0,0.0,0.0,96.0,0.0,0.0,432.0,0.0,0.0
871,0.0,396.0,0.0,0.0,0.0,0.0,0.0,0.0,0.0,0.0,132.0,0.0,0.0,0.0,0.0,0.0
872,0.0,0.0,0.0,0.0,0.0,0.0,0.0,0.0,96.0,0.0,96.0,0.0,0.0,0.0,348.0,0.0
873,432.0,0.0,0.0,0.0,0.0,0.0,0.0,0.0,0.0,0.0,96.0,0.0,0.0,0.0,0.0,0.0
874,0.0,0.0,0.0,0.0,0.0,0.0,0.0,0.0,349.5,61.5,117.0,0.0,0.0,0.0,0.0,0.0
875,447.0,0.0,0.0,0.0,0.0,0.0,0.0,0.0,0.0,0.0,144.0,0.0,0.0,0.0,0.0,0.0
876,0.0,0.0,0.0,0.0,0.0,0.0,0.0,0.0,0.0,334.5,126.0,0.0,0.0,0.0,87.0,3.0
877,0.0,0.0,0.0,0.0,0.0,0.0,129.0,0.0,0.0,0.0,399.0,0.0,0.0,0.0,0.0,348.0
878,0.0,0.0,0.0,0.0,0.0,0.0,0.0,0.0,0.0,0.0,96.0,0.0,432.0,0.0,0.0,0.0
879,0.0,0.0,0.0,384.0,0.0,0.0,0.0,0.0,0.0,0.0,144.0,0.0,0.0,0.0,0.0,0.0
880,0.0,0.0,0.0,0.0,0.0,0.0,0.0,0.0,0.0,0.0,288.0,0.0,240.0,0.0,0.0,0.0
881,198.0,0.0,0.0,0.0,0.0,0.0,0.0,0.0,0.0,0.0,330.0,0.0,0.0,0.0,0.0,0.0
882,0.0,51.0,0.0,0.0,0.0,0.0,0.0,0.0,199.5,0.0,277.5,0.0,0.0,0.0,0.0,0.0
883,0.0,0.0,0.0,0.0,0.0,0.0,0.0,0.0,0.0,0.0,72.0,0.0,0.0,456.0,0.0,0.0
884,0.0,0.0,0.0,0.0,0.0,0.0,0.0,0.0,441.0,0.0,96.0,0.0,0.0,0.0,0.0,0.0
885,0.0,0.0,0.0,0.0,0.0,0.0,0.0,0.0,0.0,0.0,96.0,0.0,0.0,438.0,0.0,0.0
886,0.0,0.0,0.0,0.0,0.0,0.0,0.0,0.0,0.0,442.5,96.0,0.0,0.0,0.0,0.0,0.0
887,0.0,0.0,0.0,0.0,0.0,0.0,0.0,0.0,0.0,0.0,171.0,0.0,0.0,357.0,0.0,0.0
888,0.0,321.0,0.0,0.0,0.0,0.0,0.0,0.0,0.0,0.0,30.0,0.0,0.0,0.0,0.0,0.0
889,0.0,0.0,0.0,0.0,0.0,0.0,0.0,0.0,0.0,0.0,528.0,0.0,0.0,0.0,0.0,0.0
890,0.0,0.0,0.0,0.0,0.0,0.0,0.0,0.0,432.0,0.0,96.0,0.0,0.0,0.0,0.0,0.0
891,0.0,444.0,0.0,0.0,0.0,0.0,0.0,0.0,0.0,0.0,84.0,0.0,0.0,0.0,0.0,0.0
892,0.0,0.0,0.0,0.0,0.0,0.0,0.0,0.0,0.0,0.0,118.5,0.0,0.0,409.5,0.0,0.0
893,0.0,411.0,0.0,0.0,0.0,0.0,0.0,0.0,0.0,0.0,147.0,0.0,0.0,0.0,0.0,0.0
894,0.0,0.0,0.0,0.0,0.0,0.0,0.0,0.0,0.0,432.0,96.0,0.0,0.0,0.0,0.0,0.0
895,0.0,0.0,0.0,0.0,0.0,0.0,0.0,0.0,267.0,0.0,0.0,0.0,0.0,0.0,0.0,0.0
896,0.0,0.0,0.0,0.0,0.0,0.0,0.0,75.0,0.0,297.0,156.0,0.0,0.0,0.0,0.0,0.0
897,432.0,0.0,0.0,0.0,0.0,0.0,0.0,0.0,0.0,0.0,96.0,0.0,0.0,0.0,0.0,0.0
898,0.0,0.0,0.0,0.0,0.0,0.0,435.0,0.0,0.0,0.0,96.0,0.0,0.0,0.0,0.0,0.0
899,0.0,0.0,0.0,0.0,0.0,0.0,0.0,0.0,231.0,0.0,297.0,0.0,0.0,0.0,0.0,0.0
900,0.0,0.0,0.0,0.0,0.0,0.0,0.0,0.0,0.0,0.0,102.0,0.0,0.0,426.0,0.0,0.0
901,432.0,0.0,0.0,0.0,0.0,0.0,0.0,0.0,0.0,0.0,0.0,0.0,0.0,0.0,0.0,0.0
902,0.0,0.0,0.0,0.0,0.0,270.0,0.0,0.0,0.0,0.0,258.0,0.0,0.0,0.0,0.0,0.0
903,0.0,0.0,0.0,0.0,0.0,0.0,0.0,414.0,0.0,0.0,0.0,0.0,0.0,0.0,0.0,0.0
904,0.0,0.0,0.0,0.0,0.0,0.0,0.0,0.0,0.0,0.0,6.0,0.0,0.0,75.0,0.0,0.0
905,0.0,240.0,0.0,0.0,0.0,0.0,0.0,0.0,0.0,0.0,0.0,0.0,0.0,0.0,0.0,0.0
906,0.0,432.0,0.0,0.0,0.0,0.0,0.0,0.0,0.0,0.0,96.0,0.0,0.0,0.0,0.0,0.0
907,0.0,0.0,0.0,0.0,0.0,378.0,0.0,0.0,0.0,0.0,150.0,0.0,0.0,0.0,0.0,0.0
908,0.0,432.0,0.0,0.0,0.0,0.0,0.0,0.0,0.0,0.0,96.0,0.0,0.0,0.0,0.0,0.0
909,0.0,432.0,0.0,0.0,0.0,0.0,0.0,0.0,0.0,0.0,48.0,0.0,0.0,0.0,0.0,0.0
910,0.0,432.0,0.0,0.0,0.0,0.0,0.0,0.0,0.0,0.0,96.0,0.0,0.0,0.0,0.0,0.0
911,432.0,0.0,0.0,0.0,0.0,0.0,0.0,0.0,0.0,0.0,96.0,0.0,0.0,0.0,0.0,0.0
912,0.0,429.0,0.0,0.0,0.0,0.0,0.0,0.0,0.0,0.0,99.0,0.0,0.0,0.0,0.0,0.0
913,0.0,432.0,0.0,0.0,0.0,0.0,0.0,0.0,0.0,0.0,99.0,0.0,0.0,0.0,0.0,0.0
914,0.0,288.0,0.0,0.0,0.0,0.0,0.0,0.0,0.0,0.0,0.0,0.0,0.0,0.0,0.0,0.0
915,0.0,0.0,0.0,0.0,0.0,0.0,0.0,0.0,432.0,0.0,96.0,0.0,0.0,0.0,0.0,0.0
916,432.0,0.0,0.0,0.0,0.0,0.0,0.0,0.0,0.0,0.0,96.0,0.0,0.0,0.0,0.0,0.0
917,0.0,0.0,0.0,0.0,0.0,0.0,429.0,0.0,0.0,0.0,3.0,0.0,0.0,0.0,0.0,0.0
918,0.0,0.0,0.0,0.0,0.0,0.0,0.0,0.0,0.0,405.0,102.0,0.0,0.0,0.0,69.0,0.0
919,0.0,0.0,0.0,0.0,396.0,0.0,0.0,0.0,0.0,0.0,132.0,0.0,0.0,0.0,0.0,0.0
920,0.0,0.0,0.0,0.0,0.0,0.0,0.0,0.0,0.0,0.0,111.0,0.0,0.0,417.0,0.0,0.0
921,828.0,0.0,0.0,0.0,0.0,0.0,0.0,0.0,0.0,0.0,0.0,0.0,0.0,0.0,0.0,0.0
922,0.0,0.0,0.0,0.0,0.0,0.0,0.0,427.5,0.0,0.0,108.0,0.0,0.0,0.0,0.0,0.0
923,432.0,0.0,0.0,0.0,0.0,0.0,0.0,0.0,0.0,0.0,96.0,0.0,0.0,0.0,0.0,0.0
924,432.0,0.0,0.0,0.0,0.0,0.0,0.0,0.0,0.0,0.0,96.0,0.0,0.0,0.0,0.0,0.0
925,0.0,0.0,0.0,0.0,0.0,0.0,0.0,0.0,0.0,0.0,96.0,0.0,0.0,432.0,0.0,0.0
926,0.0,108.0,0.0,0.0,0.0,0.0,0.0,0.0,0.0,0.0,3.0,0.0,0.0,0.0,0.0,0.0
927,0.0,0.0,0.0,0.0,0.0,0.0,384.0,0.0,0.0,0.0,0.0,0.0,0.0,0.0,0.0,0.0
928,0.0,0.0,0.0,0.0,0.0,0.0,0.0,360.0,0.0,0.0,0.0,0.0,0.0,0.0,0.0,0.0
929,0.0,0.0,0.0,0.0,0.0,0.0,0.0,0.0,414.0,0.0,114.0,0.0,0.0,0.0,0.0,0.0
930,432.0,0.0,0.0,0.0,0.0,0.0,0.0,0.0,0.0,0.0,96.0,0.0,0.0,0.0,0.0,0.0
931,0.0,0.0,0.0,0.0,0.0,0.0,0.0,582.0,0.0,0.0,0.0,0.0,0.0,0.0,0.0,0.0
932,0.0,0.0,0.0,0.0,0.0,0.0,0.0,0.0,432.0,0.0,96.0,0.0,0.0,0.0,0.0,0.0
933,0.0,0.0,0.0,0.0,0.0,0.0,252.0,0.0,0.0,0.0,0.0,0.0,0.0,0.0,0.0,0.0
934,0.0,0.0,0.0,0.0,0.0,0.0,0.0,0.0,0.0,432.0,96.0,0.0,0.0,0.0,0.0,0.0
935,0.0,0.0,0.0,0.0,0.0,0.0,0.0,0.0,96.0,0.0,432.0,0.0,0.0,0.0,0.0,0.0
936,0.0,0.0,0.0,0.0,432.0,0.0,0.0,0.0,0.0,0.0,96.0,0.0,0.0,0.0,0.0,0.0
937,0.0,384.0,0.0,0.0,0.0,0.0,0.0,0.0,0.0,0.0,144.0,0.0,0.0,0.0,0.0,0.0
938,0.0,432.0,0.0,0.0,0.0,0.0,0.0,0.0,0.0,0.0,0.0,0.0,0.0,0.0,0.0,0.0
939,888.0,0.0,0.0,0.0,0.0,0.0,0.0,0.0,0.0,0.0,0.0,0.0,0.0,0.0,0.0,0.0
940,378.0,0.0,0.0,0.0,0.0,0.0,0.0,0.0,0.0,0.0,150.0,0.0,0.0,0.0,0.0,0.0
941,0.0,432.0,0.0,0.0,0.0,0.0,0.0,0.0,0.0,0.0,96.0,0.0,0.0,0.0,0.0,0.0
942,0.0,0.0,0.0,0.0,0.0,432.0,0.0,0.0,0.0,0.0,96.0,0.0,0.0,0.0,0.0,0.0
943,0.0,0.0,0.0,0.0,0.0,0.0,0.0,0.0,408.0,0.0,120.0,0.0,0.0,0.0,0.0,0.0
944,0.0,0.0,0.0,0.0,0.0,0.0,0.0,384.0,0.0,0.0,156.0,0.0,0.0,0.0,0.0,12.0
945,0.0,0.0,0.0,0.0,0.0,0.0,0.0,0.0,0.0,0.0,528.0,0.0,0.0,0.0,0.0,0.0
946,444.0,0.0,0.0,0.0,0.0,0.0,0.0,0.0,0.0,0.0,96.0,0.0,0.0,0.0,0.0,0.0
947,420.0,0.0,0.0,0.0,0.0,0.0,0.0,0.0,0.0,0.0,108.0,0.0,0.0,0.0,0.0,0.0
948,432.0,0.0,0.0,0.0,0.0,0.0,0.0,0.0,0.0,0.0,96.0,0.0,0.0,0.0,0.0,0.0
949,0.0,0.0,0.0,0.0,432.0,0.0,0.0,0.0,0.0,0.0,0.0,0.0,0.0,0.0,0.0,0.0
950,0.0,0.0,0.0,0.0,0.0,0.0,0.0,0.0,0.0,0.0,48.0,0.0,0.0,522.0,0.0,0.0
951,0.0,0.0,0.0,0.0,0.0,384.0,0.0,0.0,0.0,0.0,144.0,0.0,0.0,0.0,0.0,0.0
952,0.0,0.0,0.0,0.0,0.0,336.0,0.0,0.0,0.0,0.0,192.0,0.0,0.0,0.0,0.0,0.0
953,0.0,0.0,0.0,0.0,0.0,0.0,0.0,0.0,0.0,0.0,96.0,0.0,0.0,432.0,0.0,0.0
954,420.0,0.0,0.0,0.0,0.0,0.0,0.0,0.0,0.0,0.0,108.0,0.0,0.0,0.0,0.0,0.0
955,0.0,0.0,0.0,0.0,0.0,423.0,0.0,0.0,0.0,0.0,105.0,0.0,0.0,0.0,0.0,0.0
956,0.0,0.0,0.0,0.0,0.0,432.0,0.0,0.0,0.0,0.0,96.0,0.0,0.0,0.0,0.0,0.0
957,0.0,0.0,0.0,0.0,0.0,0.0,387.0,0.0,0.0,0.0,141.0,0.0,0.0,0.0,0.0,0.0
958,0.0,0.0,0.0,0.0,0.0,0.0,432.0,0.0,0.0,0.0,96.0,0.0,0.0,0.0,0.0,0.0
959,0.0,0.0,0.0,0.0,0.0,0.0,432.0,0.0,0.0,0.0,96.0,0.0,0.0,0.0,0.0,0.0
960,0.0,0.0,0.0,0.0,0.0,0.0,432.0,0.0,0.0,0.0,96.0,0.0,0.0,0.0,0.0,0.0
961,0.0,0.0,0.0,0.0,0.0,0.0,381.0,0.0,0.0,0.0,147.0,0.0,0.0,0.0,0.0,0.0
962,0.0,0.0,0.0,0.0,0.0,0.0,432.0,0.0,0.0,0.0,96.0,0.0,0.0,0.0,0.0,0.0
963,384.0,0.0,0.0,0.0,0.0,0.0,0.0,0.0,0.0,0.0,144.0,0.0,0.0,0.0,0.0,0.0
964,0.0,0.0,0.0,0.0,0.0,0.0,408.0,0.0,0.0,0.0,120.0,0.0,0.0,0.0,0.0,0.0
965,0.0,0.0,0.0,0.0,0.0,0.0,0.0,0.0,405.0,0.0,123.0,0.0,0.0,0.0,0.0,0.0
966,0.0,0.0,0.0,0.0,0.0,432.0,0.0,0.0,0.0,0.0,96.0,0.0,0.0,0.0,0.0,0.0
967,0.0,0.0,0.0,0.0,0.0,432.0,0.0,0.0,0.0,0.0,96.0,0.0,0.0,0.0,0.0,0.0
968,0.0,0.0,0.0,0.0,0.0,0.0,0.0,0.0,426.0,0.0,102.0,0.0,0.0,0.0,0.0,0.0
969,0.0,0.0,0.0,0.0,0.0,408.0,0.0,0.0,0.0,0.0,120.0,0.0,0.0,0.0,0.0,0.0
970,0.0,0.0,0.0,0.0,0.0,432.0,0.0,0.0,0.0,0.0,96.0,0.0,0.0,0.0,0.0,0.0
971,480.0,0.0,0.0,0.0,0.0,0.0,0.0,0.0,0.0,0.0,48.0,0.0,0.0,0.0,0.0,0.0
972,0.0,0.0,0.0,0.0,0.0,426.0,0.0,0.0,0.0,0.0,102.0,0.0,0.0,0.0,0.0,0.0
973,0.0,0.0,0.0,0.0,0.0,192.0,0.0,0.0,0.0,0.0,336.0,0.0,0.0,0.0,0.0,0.0
974,0.0,0.0,0.0,0.0,0.0,432.0,0.0,0.0,0.0,0.0,96.0,0.0,0.0,0.0,0.0,0.0
975,0.0,0.0,0.0,0.0,0.0,0.0,0.0,0.0,474.0,0.0,54.0,0.0,0.0,0.0,0.0,6.0
976,384.0,0.0,0.0,0.0,0.0,0.0,0.0,0.0,0.0,0.0,144.0,0.0,0.0,0.0,0.0,0.0
977,0.0,0.0,0.0,0.0,0.0,0.0,0.0,0.0,0.0,0.0,96.0,0.0,0.0,432.0,0.0,0.0
978,432.0,0.0,0.0,0.0,0.0,0.0,0.0,0.0,0.0,0.0,96.0,0.0,0.0,0.0,0.0,0.0
979,0.0,0.0,0.0,0.0,0.0,240.0,0.0,0.0,0.0,0.0,288.0,0.0,0.0,0.0,0.0,0.0
980,0.0,0.0,0.0,0.0,0.0,432.0,0.0,0.0,0.0,0.0,96.0,0.0,0.0,0.0,0.0,0.0
981,0.0,0.0,0.0,0.0,0.0,0.0,0.0,0.0,438.0,0.0,96.0,0.0,0.0,0.0,0.0,0.0
982,0.0,0.0,0.0,0.0,0.0,96.0,0.0,0.0,0.0,0.0,432.0,0.0,0.0,0.0,0.0,0.0
983,0.0,0.0,0.0,0.0,0.0,0.0,0.0,0.0,0.0,0.0,96.0,0.0,0.0,432.0,0.0,0.0
984,192.0,0.0,0.0,0.0,0.0,0.0,0.0,0.0,0.0,0.0,336.0,0.0,0.0,0.0,0.0,192.0
985,0.0,0.0,0.0,0.0,0.0,0.0,0.0,0.0,0.0,288.0,240.0,0.0,0.0,0.0,0.0,0.0
986,0.0,0.0,0.0,0.0,0.0,0.0,0.0,0.0,0.0,0.0,108.0,0.0,420.0,0.0,0.0,0.0
987,450.0,0.0,0.0,0.0,0.0,0.0,0.0,0.0,0.0,0.0,96.00000000000001,0.0,0.0,0.0,0.0,0.0
988,0.0,450.0,0.0,0.0,0.0,0.0,0.0,0.0,0.0,0.0,0.0,0.0,0.0,0.0,0.0,0.0
989,0.0,0.0,0.0,0.0,0.0,0.0,0.0,0.0,405.0,0.0,123.0,0.0,0.0,0.0,0.0,0.0
990,0.0,0.0,0.0,0.0,0.0,0.0,0.0,0.0,0.0,0.0,10.5,0.0,0.0,0.0,0.0,0.0
991,0.0,0.0,0.0,22.5,0.0,0.0,0.0,0.0,0.0,0.0,48.0,0.0,0.0,0.0,0.0,0.0
992,0.0,0.0,0.0,0.0,0.0,0.0,0.0,0.0,0.0,0.0,480.0,0.0,0.0,0.0,0.0,0.0
993,0.0,0.0,0.0,0.0,0.0,336.0,0.0,0.0,0.0,0.0,48.0,0.0,0.0,0.0,0.0,0.0
994,0.0,0.0,0.0,0.0,0.0,336.0,0.0,0.0,0.0,0.0,48.0,0.0,0.0,0.0,0.0,0.0
995,0.0,96.0,0.0,0.0,0.0,0.0,24.0,0.0,0.0,0.0,168.0,0.0,0.0,0.0,0.0,0.0
996,0.0,0.0,0.0,0.0,0.0,0.0,0.0,0.0,0.0,0.0,288.0,0.0,0.0,0.0,0.0,30.000000000000004
997,24.0,0.0,0.0,0.0,0.0,0.0,0.0,0.0,0.0,0.0,264.0,0.0,0.0,0.0,0.0,144.0
